{"type":"FeatureCollection","features":[{"type":"Feature","properties":{"id":"beijing","name":"Beijing","source":"https://geo.datav.aliyun.com/areas_v3/bound/110000.json","sourceSha256":"42733d8df7b0744f18d767ef736dc2cc38daab550f1a1f2ccd1ccae9c49477c4","accessed":"2026-10-10","coordinateSystem":"GCJ-02 (DataV source)","components":1,"adcode":110000},"geometry":{"type":"Polygon","coordinates":[[[117.223901,40.375538],[117.226661,40.378558],[117.229045,40.386843],[117.235382,40.389556],[117.23695,40.394078],[117.240694,40.394417],[117.240484,40.39763],[117.236616,40.400844],[117.237515,40.407786],[117.234085,40.417149],[117.243872,40.422848],[117.246737,40.426883],[117.257654,40.435372],[117.263342,40.442375],[117.252635,40.446038],[117.252154,40.450459],[117.243308,40.455428],[117.236532,40.456558],[117.233207,40.463204],[117.237243,40.468785],[117.230907,40.470463],[117.225783,40.47585],[117.22846,40.481301],[117.21792,40.494589],[117.212065,40.494685],[117.208426,40.498071],[117.208572,40.501102],[117.21449,40.50739],[117.212504,40.507906],[117.215013,40.513273],[117.219969,40.514321],[117.230405,40.511162],[117.239543,40.516723],[117.246821,40.511968],[117.255562,40.514934],[117.263133,40.513145],[117.264115,40.517271],[117.26146,40.51906],[117.255123,40.527973],[117.252007,40.53632],[117.247427,40.540236],[117.250606,40.542024],[117.24954,40.548179],[117.25964,40.552867],[117.268507,40.559842],[117.273191,40.561501],[117.279256,40.560342],[117.285592,40.565061],[117.299562,40.566801],[117.311837,40.578026],[117.325451,40.578155],[117.328442,40.575948],[117.334611,40.576464],[117.342767,40.581585],[117.350023,40.582197],[117.353014,40.578831],[117.365917,40.575965],[117.369221,40.57036],[117.375453,40.567799],[117.378422,40.56337],[117.389297,40.561244],[117.39465,40.567912],[117.400589,40.569345],[117.40358,40.574257],[117.413471,40.569893],[117.42123,40.569104],[117.429992,40.576126],[117.429804,40.579298],[117.423217,40.58144],[117.420623,40.590875],[117.421753,40.593178],[117.414747,40.600728],[117.412739,40.605123],[117.419954,40.617517],[117.430285,40.626014],[117.438002,40.625692],[117.442289,40.627977],[117.448876,40.62838],[117.45402,40.642844],[117.451448,40.646577],[117.456467,40.649167],[117.449106,40.651596],[117.462009,40.653076],[117.464309,40.648652],[117.467885,40.649521],[117.473093,40.644453],[117.475539,40.644421],[117.477986,40.635331],[117.486163,40.633496],[117.489948,40.636023],[117.500425,40.6362],[117.501972,40.644518],[117.505026,40.646142],[117.50283,40.653076],[117.513913,40.656196],[117.514583,40.660523],[117.502934,40.669674],[117.493357,40.67527],[117.484741,40.677087],[117.482399,40.679033],[117.471503,40.674338],[117.465188,40.673534],[117.453958,40.677618],[117.442226,40.676605],[117.437332,40.683599],[117.432711,40.681622],[117.426437,40.685304],[117.419348,40.68696],[117.414852,40.685947],[117.409226,40.687281],[117.397223,40.683776],[117.386996,40.684178],[117.378192,40.678808],[117.37058,40.679708],[117.359748,40.673919],[117.342411,40.673437],[117.336681,40.666956],[117.337622,40.664447],[117.331851,40.661504],[117.321164,40.658287],[117.290423,40.660185],[117.278608,40.664463],[117.278629,40.667551],[117.273401,40.670076],[117.267754,40.676669],[117.261397,40.681155],[117.256775,40.679467],[117.241635,40.676669],[117.234336,40.680577],[117.233207,40.683583],[117.218715,40.689484],[117.217335,40.69196],[117.210622,40.691976],[117.208405,40.694435],[117.202361,40.695577],[117.197802,40.694291],[117.193996,40.696268],[117.182453,40.697072],[117.180947,40.694082],[117.176639,40.693567],[117.169236,40.699097],[117.16474,40.699628],[117.159491,40.696332],[117.147571,40.698968],[117.142531,40.6972],[117.132493,40.698663],[117.128792,40.700913],[117.117792,40.700078],[117.110661,40.708243],[117.095144,40.705559],[117.086047,40.702055],[117.081153,40.702617],[117.076804,40.700029],[117.058338,40.70154],[117.054887,40.699804],[117.044494,40.700367],[117.036108,40.697265],[117.035585,40.694467],[117.031047,40.692136],[117.027848,40.694355],[117.018291,40.696011],[117.013418,40.694082],[117.005513,40.694853],[117.002481,40.697345],[116.990456,40.701203],[116.988177,40.703164],[116.979938,40.702826],[116.977533,40.705559],[116.969628,40.706362],[116.965111,40.709593],[116.96647,40.71525],[116.960134,40.721083],[116.946645,40.726916],[116.942714,40.729857],[116.940706,40.739786],[116.926548,40.744894],[116.923516,40.750596],[116.927908,40.757824],[116.923181,40.766897],[116.923391,40.773722],[116.904569,40.777286],[116.898589,40.77674],[116.895013,40.781733],[116.89495,40.790675],[116.896686,40.796438],[116.889073,40.798348],[116.886961,40.801076],[116.880207,40.804367],[116.882172,40.814172],[116.876735,40.818456],[116.876171,40.8212],[116.870378,40.821601],[116.861448,40.825356],[116.860633,40.830457],[116.855425,40.835447],[116.848587,40.837147],[116.84819,40.839313],[116.839741,40.839024],[116.837775,40.841542],[116.831815,40.842585],[116.828009,40.841109],[116.823471,40.842681],[116.820732,40.848263],[116.813622,40.848423],[116.805947,40.840836],[116.802496,40.842392],[116.802413,40.851198],[116.796996,40.854886],[116.797226,40.860034],[116.776795,40.878376],[116.772362,40.87852],[116.769392,40.882961],[116.762135,40.880765],[116.758539,40.881983],[116.759501,40.889854],[116.750257,40.891665],[116.739759,40.896665],[116.730432,40.897771],[116.726145,40.901185],[116.723678,40.906313],[116.716881,40.910175],[116.713347,40.910431],[116.717111,40.921695],[116.722318,40.92743],[116.713891,40.929416],[116.712197,40.934846],[116.70722,40.934029],[116.702786,40.936512],[116.702368,40.940628],[116.696178,40.94452],[116.689298,40.951118],[116.687248,40.962551],[116.677921,40.970972],[116.677921,40.975983],[116.681267,40.980737],[116.685304,40.982641],[116.682543,40.986259],[116.683066,41.000486],[116.69095,41.007254],[116.690866,41.012982],[116.693836,41.013686],[116.698855,41.021253],[116.695739,41.025396],[116.69509,41.033265],[116.691347,41.037503],[116.692246,41.040813],[116.688629,41.044651],[116.682878,41.041789],[116.67698,41.042732],[116.673279,41.046378],[116.665207,41.046682],[116.657009,41.051303],[116.653914,41.05626],[116.647431,41.059393],[116.641158,41.058322],[116.637937,41.060497],[116.630848,41.0608],[116.624093,41.054437],[116.61646,41.053382],[116.617736,41.048649],[116.613491,41.040782],[116.614118,41.036096],[116.617589,41.034704],[116.621228,41.028978],[116.62288,41.020693],[116.621897,41.015749],[116.619179,41.01423],[116.614892,41.003574],[116.617067,40.998725],[116.614515,40.983314],[116.597764,40.97475],[116.589692,40.976703],[116.574928,40.986307],[116.569177,40.991636],[116.561231,40.993461],[116.558617,40.988627],[116.547826,40.988003],[116.541991,40.99026],[116.535634,40.988675],[116.533417,40.985698],[116.524718,40.981073],[116.519573,40.981569],[116.51629,40.975198],[116.504516,40.975919],[116.496737,40.978432],[116.493726,40.977919],[116.485612,40.982465],[116.47894,40.979104],[116.474193,40.978608],[116.464135,40.984498],[116.455519,40.980481],[116.451713,40.968667],[116.453302,40.964584],[116.447446,40.95384],[116.454829,40.949533],[116.455372,40.945433],[116.462315,40.935231],[116.461541,40.932684],[116.467209,40.931322],[116.468422,40.925091],[116.473608,40.91974],[116.477581,40.901746],[116.474047,40.896008],[116.464344,40.896329],[116.458676,40.900592],[116.45073,40.901345],[116.448492,40.899919],[116.436614,40.89939],[116.430905,40.903364],[116.418922,40.902339],[116.413715,40.899758],[116.404764,40.905736],[116.398533,40.906024],[116.396316,40.911264],[116.39274,40.913123],[116.384877,40.922848],[116.384019,40.928535],[116.379732,40.933228],[116.379941,40.935775],[116.370343,40.943655],[116.364801,40.942999],[116.358925,40.93608],[116.35012,40.936048],[116.339894,40.929416],[116.338828,40.925732],[116.334122,40.920829],[116.33544,40.910495],[116.334436,40.90463],[116.342236,40.899887],[116.344683,40.894694],[116.353864,40.887786],[116.360514,40.884885],[116.365972,40.880188],[116.366599,40.876645],[116.374881,40.871531],[116.38174,40.863465],[116.389707,40.861814],[116.391778,40.854838],[116.399306,40.850492],[116.406145,40.837933],[116.406458,40.833361],[116.414991,40.829318],[116.422477,40.822772],[116.436823,40.820735],[116.439897,40.815038],[116.440002,40.809133],[116.450981,40.801927],[116.452152,40.798059],[116.457233,40.7983],[116.461416,40.78854],[116.460663,40.78244],[116.465849,40.774525],[116.465452,40.772742],[116.45395,40.76587],[116.444414,40.76921],[116.437722,40.766865],[116.431846,40.768246],[116.424861,40.767443],[116.416496,40.76937],[116.4143,40.777912],[116.407838,40.780417],[116.403217,40.778635],[116.392635,40.778394],[116.379837,40.772325],[116.37097,40.772453],[116.367687,40.77088],[116.361204,40.772646],[116.353111,40.770221],[116.342947,40.773096],[116.33314,40.772694],[116.330149,40.77377],[116.31756,40.77218],[116.313168,40.770205],[116.30794,40.763734],[116.311119,40.75511],[116.30794,40.752122],[116.304762,40.755656],[116.29786,40.756812],[116.290918,40.763814],[116.281402,40.763926],[116.277366,40.76163],[116.273456,40.762883],[116.274167,40.766335],[116.26988,40.770703],[116.269587,40.777158],[116.261013,40.782938],[116.257834,40.787898],[116.247943,40.791831],[116.245224,40.78838],[116.235019,40.78313],[116.235625,40.775135],[116.231757,40.77149],[116.229979,40.762417],[116.23366,40.759896],[116.223308,40.753793],[116.220485,40.749183],[116.220359,40.744669],[116.213249,40.740139],[116.210551,40.741713],[116.204717,40.739946],[116.2057,40.733038],[116.197753,40.7269],[116.192274,40.724779],[116.184913,40.713675],[116.181128,40.712438],[116.177907,40.707889],[116.176213,40.700544],[116.171341,40.695979],[116.173683,40.689034],[116.171487,40.68167],[116.168413,40.67892],[116.167597,40.672633],[116.162683,40.662437],[116.151432,40.663338],[116.142858,40.666972],[116.13694,40.667648],[116.125229,40.654089],[116.113225,40.648845],[116.111531,40.646287],[116.112744,40.640946],[116.120419,40.633287],[116.122071,40.629989],[116.118349,40.627961],[116.1044,40.626996],[116.098879,40.630584],[116.088507,40.626626],[116.08583,40.623825],[116.076691,40.619883],[116.073492,40.612125],[116.069811,40.610258],[116.062722,40.610322],[116.058289,40.607006],[116.050907,40.606121],[116.04457,40.602032],[116.032357,40.599875],[116.030036,40.597364],[116.028509,40.607328],[116.025268,40.60654],[116.005109,40.584097],[115.996116,40.58392],[115.995238,40.579862],[115.982147,40.579008],[115.97512,40.590779],[115.971983,40.60237],[115.965877,40.601002],[115.967404,40.605896],[115.955107,40.609534],[115.948331,40.608809],[115.944672,40.611095],[115.935031,40.613316],[115.928297,40.612753],[115.920372,40.616632],[115.907803,40.617291],[115.897849,40.608101],[115.894733,40.606878],[115.888146,40.597026],[115.885406,40.595223],[115.867777,40.595786],[115.86623,40.593371],[115.854895,40.590151],[115.846175,40.593049],[115.827374,40.587027],[115.820662,40.568234],[115.82154,40.563305],[115.819804,40.559343],[115.815036,40.55741],[115.804915,40.55865],[115.79908,40.5577],[115.7922,40.561292],[115.784713,40.558376],[115.776327,40.552158],[115.773902,40.548582],[115.770179,40.548002],[115.763885,40.540574],[115.759577,40.538914],[115.75506,40.540042],[115.752968,40.536288],[115.755624,40.531019],[115.748702,40.526087],[115.743788,40.518464],[115.743098,40.513854],[115.73605,40.503988],[115.743077,40.494959],[115.744039,40.498249],[115.768088,40.498345],[115.774529,40.493911],[115.782204,40.492073],[115.776202,40.482704],[115.776683,40.477511],[115.771559,40.47285],[115.770367,40.46493],[115.772856,40.462301],[115.779527,40.464075],[115.7734,40.457397],[115.77547,40.45204],[115.77248,40.452831],[115.773546,40.44812],[115.77043,40.444166],[115.786679,40.437066],[115.78992,40.432483],[115.796884,40.432531],[115.796445,40.426834],[115.836555,40.38568],[115.837454,40.381255],[115.840633,40.381094],[115.846865,40.375085],[115.855962,40.37712],[115.861859,40.373422],[115.861922,40.364811],[115.85981,40.36213],[115.86441,40.36192],[115.864452,40.359335],[115.872754,40.359593],[115.876226,40.362146],[115.878066,40.359367],[115.883169,40.359545],[115.88526,40.357024],[115.890927,40.357897],[115.892997,40.355554],[115.909539,40.357622],[115.918301,40.35389],[115.920581,40.346473],[115.924094,40.341059],[115.921417,40.338668],[115.922881,40.332898],[115.92721,40.329601],[115.922672,40.325899],[115.926792,40.319611],[115.929239,40.32105],[115.935721,40.316717],[115.937185,40.313047],[115.943814,40.310945],[115.939757,40.304397],[115.945885,40.296199],[115.946115,40.289034],[115.950088,40.289228],[115.951698,40.282015],[115.955212,40.276984],[115.960231,40.274914],[115.961611,40.269219],[115.967006,40.265612],[115.968888,40.264269],[115.965605,40.259415],[115.960001,40.256648],[115.950276,40.256163],[115.942706,40.253557],[115.935826,40.25558],[115.916984,40.247068],[115.916628,40.242391],[115.911965,40.234477],[115.906695,40.23412],[115.898079,40.236419],[115.898476,40.234509],[115.891994,40.228147],[115.891366,40.225379],[115.883106,40.216119],[115.885072,40.212039],[115.883169,40.209594],[115.886326,40.206663],[115.877313,40.200849],[115.87633,40.193918],[115.873695,40.192687],[115.870308,40.186079],[115.863072,40.186095],[115.855502,40.188865],[115.848099,40.183843],[115.854205,40.179939],[115.846865,40.169458],[115.844418,40.168016],[115.84676,40.163171],[115.853557,40.154162],[115.853348,40.149332],[115.846384,40.147096],[115.834234,40.15024],[115.83576,40.145426],[115.829047,40.149981],[115.822272,40.152606],[115.806567,40.153254],[115.802091,40.156754],[115.789837,40.168939],[115.78693,40.170414],[115.787014,40.178708],[115.773023,40.176197],[115.768213,40.165553],[115.762212,40.16262],[115.754328,40.163252],[115.749539,40.152995],[115.75485,40.145459],[115.749246,40.137711],[115.741111,40.132216],[115.734126,40.129379],[115.724841,40.128812],[115.715891,40.133383],[115.708697,40.134291],[115.699746,40.132394],[115.704765,40.129655],[115.711039,40.128941],[115.712064,40.126899],[115.702172,40.128196],[115.697216,40.12672],[115.693096,40.131924],[115.68699,40.13053],[115.681197,40.13267],[115.678667,40.130935],[115.657734,40.128098],[115.654806,40.131276],[115.64458,40.126639],[115.641882,40.120819],[115.643722,40.117511],[115.635943,40.115793],[115.631468,40.117852],[115.625048,40.116295],[115.621388,40.118711],[115.616223,40.117138],[115.606979,40.120057],[115.599116,40.120008],[115.59485,40.116279],[115.594432,40.108982],[115.592403,40.110182],[115.590709,40.096397],[115.584038,40.094889],[115.578538,40.096365],[115.576196,40.100825],[115.567769,40.096543],[115.563419,40.097922],[115.553736,40.091661],[115.555472,40.082626],[115.552168,40.079252],[115.544263,40.07591],[115.537885,40.077775],[115.527324,40.076072],[115.514944,40.066937],[115.509695,40.065477],[115.510427,40.062913],[115.500954,40.052478],[115.488323,40.046132],[115.488992,40.043746],[115.478557,40.036165],[115.468414,40.031896],[115.460656,40.032172],[115.454528,40.029704],[115.452082,40.02079],[115.442169,40.010885],[115.442817,40.007345],[115.449196,40.001985],[115.450346,39.993247],[115.443905,39.994644],[115.436815,39.991427],[115.428513,39.984328],[115.427635,39.979471],[115.423411,39.969819],[115.426924,39.965302],[115.423745,39.955697],[115.42615,39.95035],[115.43577,39.950919],[115.438468,39.95256],[115.444595,39.951358],[115.447042,39.948806],[115.452312,39.948188],[115.456787,39.944271],[115.464462,39.940142],[115.472387,39.93876],[115.48069,39.93585],[115.487277,39.923835],[115.494994,39.917948],[115.50386,39.915818],[115.52013,39.902547],[115.523016,39.898919],[115.509026,39.884164],[115.51003,39.88148],[115.516659,39.880406],[115.526299,39.875655],[115.529185,39.875948],[115.527345,39.869862],[115.521929,39.868186],[115.522368,39.858779],[115.515948,39.847678],[115.510992,39.84509],[115.514505,39.83835],[115.526509,39.835241],[115.530482,39.829916],[115.534957,39.830714],[115.546396,39.825992],[115.548027,39.822703],[115.563461,39.816417],[115.569274,39.813274],[115.566367,39.809788],[115.566577,39.804609],[115.56229,39.803713],[115.554866,39.795601],[115.539432,39.794754],[115.536275,39.792131],[115.513815,39.788693],[115.508712,39.784082],[115.497336,39.791088],[115.49238,39.796057],[115.483241,39.798679],[115.475859,39.791821],[115.45777,39.782143],[115.452751,39.781964],[115.443382,39.785646],[115.434076,39.782274],[115.431169,39.775756],[115.425209,39.77336],[115.427029,39.769775],[115.430918,39.772073],[115.435414,39.769938],[115.434411,39.763859],[115.439158,39.752678],[115.457728,39.744918],[115.46672,39.740451],[115.470568,39.742391],[115.482321,39.742473],[115.492108,39.73887],[115.488866,39.733163],[115.491229,39.714719],[115.493404,39.707494],[115.490247,39.701409],[115.492631,39.701719],[115.49926,39.696189],[115.499783,39.691278],[115.496395,39.685665],[115.494408,39.686481],[115.488783,39.681619],[115.489724,39.678012],[115.486733,39.673362],[115.491334,39.668694],[115.482593,39.66303],[115.477971,39.654216],[115.478515,39.650331],[115.494659,39.649237],[115.496771,39.652551],[115.506705,39.652127],[115.511493,39.644388],[115.515864,39.641237],[115.522452,39.639964],[115.520423,39.633416],[115.521699,39.622311],[115.523414,39.620384],[115.514358,39.613508],[115.512121,39.605129],[115.515948,39.591193],[115.518834,39.593072],[115.518311,39.597156],[115.524229,39.598937],[115.530586,39.602874],[115.533891,39.608608],[115.533263,39.611434],[115.539119,39.616285],[115.545978,39.618751],[115.551875,39.614064],[115.55451,39.609408],[115.564569,39.605619],[115.567267,39.599623],[115.573875,39.596552],[115.571867,39.591569],[115.586109,39.589412],[115.592445,39.59665],[115.598719,39.597761],[115.599785,39.600865],[115.605285,39.600032],[115.6125,39.601126],[115.618439,39.604067],[115.625947,39.599394],[115.632555,39.597695],[115.634688,39.603871],[115.641589,39.603332],[115.643576,39.598937],[115.650268,39.600996],[115.657273,39.600081],[115.665304,39.605325],[115.667583,39.609637],[115.667479,39.615256],[115.673271,39.608526],[115.685317,39.603675],[115.68929,39.599035],[115.689269,39.592941],[115.694226,39.587778],[115.693431,39.580327],[115.697906,39.579248],[115.698596,39.570586],[115.694393,39.56941],[115.692072,39.565781],[115.698722,39.563248],[115.710161,39.563019],[115.717104,39.560403],[115.72022,39.554747],[115.7216,39.543499],[115.726953,39.543908],[115.726765,39.548143],[115.739124,39.545363],[115.73879,39.539314],[115.741487,39.536289],[115.743934,39.526771],[115.752508,39.515453],[115.759451,39.513916],[115.765328,39.514848],[115.768736,39.508878],[115.770828,39.510971],[115.767419,39.515862],[115.776537,39.512722],[115.777917,39.513834],[115.785006,39.51035],[115.792681,39.510742],[115.821456,39.509499],[115.828692,39.507045],[115.829487,39.512885],[115.822146,39.514145],[115.819762,39.518528],[115.824447,39.518774],[115.824112,39.522405],[115.819804,39.524923],[115.819219,39.530762],[115.822753,39.530533],[115.824321,39.534212],[115.828399,39.535455],[115.828692,39.541309],[115.84216,39.54157],[115.846028,39.543287],[115.847555,39.550284],[115.851361,39.550448],[115.855481,39.554993],[115.862026,39.548551],[115.866041,39.549843],[115.866355,39.546361],[115.872315,39.546099],[115.873298,39.548829],[115.88296,39.54811],[115.883587,39.551102],[115.887686,39.55066],[115.888752,39.555614],[115.89306,39.556219],[115.893416,39.561875],[115.890028,39.567873],[115.896009,39.569916],[115.907866,39.566876],[115.91276,39.572842],[115.911777,39.574182],[115.915604,39.582958],[115.908744,39.58402],[115.909665,39.588284],[115.9068,39.590016],[115.910187,39.600832],[115.912488,39.599149],[115.923759,39.597287],[115.924178,39.59384],[115.930221,39.593382],[115.929991,39.589935],[115.934174,39.588072],[115.934969,39.581814],[115.938105,39.581699],[115.937938,39.577467],[115.943187,39.577385],[115.943083,39.574672],[115.949147,39.573299],[115.950423,39.56637],[115.954982,39.566092],[115.957554,39.560927],[115.963409,39.565503],[115.967592,39.564604],[115.968909,39.570995],[115.974576,39.570832],[115.978153,39.572842],[115.977086,39.590931],[115.978445,39.595686],[115.990993,39.593791],[115.990721,39.586471],[115.996953,39.583203],[115.995196,39.577075],[116.007618,39.577205],[116.010588,39.583023],[116.013703,39.583039],[116.014038,39.588072],[116.020667,39.585981],[116.02623,39.587402],[116.024766,39.575604],[116.032859,39.574607],[116.032964,39.572302],[116.039237,39.571943],[116.098817,39.575146],[116.102016,39.576143],[116.101368,39.580049],[116.105801,39.576568],[116.106282,39.570979],[116.11379,39.570668],[116.116634,39.574002],[116.121465,39.574917],[116.121528,39.570554],[116.130311,39.569459],[116.130373,39.567743],[116.138425,39.568887],[116.13878,39.571044],[116.149613,39.573087],[116.151788,39.583415],[116.165527,39.583562],[116.176924,39.585899],[116.177071,39.590016],[116.184432,39.590915],[116.190768,39.589396],[116.19058,39.587386],[116.196854,39.588987],[116.196394,39.586095],[116.201726,39.586373],[116.206243,39.583219],[116.208105,39.577728],[116.221175,39.578921],[116.225817,39.568151],[116.229373,39.565471],[116.236462,39.568396],[116.234684,39.563934],[116.240644,39.564098],[116.243007,39.55836],[116.246186,39.557167],[116.242505,39.552966],[116.246521,39.539788],[116.245601,39.53014],[116.248256,39.530271],[116.246479,39.525299],[116.24353,39.524236],[116.246709,39.520098],[116.245831,39.514897],[116.253861,39.510055],[116.25706,39.505491],[116.257939,39.500518],[116.269315,39.495495],[116.275631,39.495201],[116.279269,39.491306],[116.283201,39.493941],[116.305284,39.489179],[116.306957,39.485023],[116.312708,39.480556],[116.314779,39.476104],[116.319944,39.473436],[116.320048,39.468543],[116.325088,39.466153],[116.325611,39.462961],[116.334499,39.457019],[116.350162,39.45291],[116.351124,39.455529],[116.362187,39.454874],[116.367791,39.451633],[116.373563,39.452058],[116.388557,39.450732],[116.391903,39.452893],[116.399787,39.450044],[116.408947,39.450257],[116.425635,39.446885],[116.434397,39.442758],[116.437241,39.445951],[116.450353,39.448522],[116.450667,39.452648],[116.454682,39.453302],[116.453992,39.45751],[116.448638,39.465122],[116.448764,39.476284],[116.444059,39.47887],[116.444142,39.482192],[116.436258,39.482912],[116.433644,39.478183],[116.428333,39.476219],[116.425342,39.481259],[116.429964,39.481325],[116.427329,39.487788],[116.423544,39.485154],[116.412376,39.482077],[116.411582,39.485105],[116.415827,39.48823],[116.418504,39.496575],[116.422895,39.496608],[116.418734,39.506391],[116.40857,39.508011],[116.407253,39.512116],[116.40282,39.51439],[116.402652,39.526886],[116.405538,39.528194],[116.411247,39.524678],[116.421473,39.525103],[116.424046,39.522732],[116.423125,39.516337],[116.424631,39.509728],[116.431699,39.51053],[116.433017,39.507438],[116.443829,39.509875],[116.442741,39.516189],[116.440378,39.516271],[116.439876,39.523353],[116.437513,39.52651],[116.440985,39.527311],[116.45372,39.526477],[116.453846,39.528652],[116.464553,39.527638],[116.464595,39.531628],[116.468819,39.534359],[116.478188,39.535487],[116.47802,39.543205],[116.475134,39.545756],[116.470952,39.5546],[116.473378,39.553096],[116.48948,39.553472],[116.489773,39.550268],[116.508448,39.551053],[116.50805,39.560256],[116.510581,39.560502],[116.511564,39.565503],[116.519385,39.566484],[116.520389,39.57191],[116.527248,39.57294],[116.52614,39.577271],[116.520389,39.577156],[116.519699,39.581863],[116.52317,39.586242],[116.521267,39.590229],[116.525052,39.593807],[116.524446,39.596535],[116.530615,39.598774],[116.530866,39.596715],[116.541803,39.59348],[116.540883,39.60142],[116.544124,39.603609],[116.544187,39.596519],[116.549436,39.596143],[116.557132,39.601502],[116.562276,39.601714],[116.566605,39.604361],[116.566103,39.61114],[116.569637,39.61176],[116.565978,39.616138],[116.565936,39.61978],[116.579382,39.619666],[116.579194,39.623487],[116.591993,39.621299],[116.593561,39.618588],[116.600128,39.619649],[116.602177,39.624533],[116.607886,39.624696],[116.607781,39.619698],[116.611755,39.618882],[116.613177,39.613802],[116.616648,39.614096],[116.616857,39.607301],[116.620182,39.606893],[116.620517,39.601665],[116.628338,39.599558],[116.635407,39.599934],[116.635595,39.604818],[116.645549,39.60209],[116.646532,39.599117],[116.657678,39.60075],[116.6568,39.602776],[116.662384,39.60521],[116.670037,39.604916],[116.669975,39.603381],[116.6889,39.598496],[116.694087,39.601355],[116.696408,39.595392],[116.699127,39.595457],[116.700695,39.590964],[116.705108,39.587974],[116.727065,39.593055],[116.724953,39.598006],[116.718324,39.601077],[116.718282,39.603021],[116.702577,39.610421],[116.700737,39.62107],[116.705338,39.621462],[116.70929,39.618114],[116.716149,39.62156],[116.721858,39.621756],[116.725518,39.624075],[116.730202,39.622932],[116.730516,39.619143],[116.737877,39.61537],[116.744004,39.616824],[116.748689,39.619943],[116.762616,39.613819],[116.774202,39.605439],[116.774892,39.599166],[116.778196,39.593382],[116.785055,39.593497],[116.785474,39.596209],[116.790702,39.596045],[116.789384,39.602596],[116.792835,39.602155],[116.790012,39.610535],[116.802078,39.6123],[116.809711,39.614521],[116.81954,39.618996],[116.823994,39.617183],[116.82504,39.613884],[116.835391,39.617004],[116.834116,39.621495],[116.838445,39.62223],[116.826357,39.633122],[116.82893,39.635163],[116.826901,39.638217],[116.834555,39.641841],[116.833572,39.644127],[116.840766,39.644241],[116.839135,39.647523],[116.85141,39.652845],[116.849946,39.667552],[116.860486,39.667258],[116.863979,39.670391],[116.87318,39.671387],[116.883239,39.675352],[116.891144,39.67408],[116.906661,39.677425],[116.905197,39.681651],[116.909024,39.682859],[116.902896,39.690576],[116.88991,39.687656],[116.887819,39.690952],[116.89336,39.693187],[116.893841,39.695879],[116.886376,39.707004],[116.887108,39.714311],[116.8828,39.71847],[116.887589,39.725515],[116.89976,39.726168],[116.90229,39.729413],[116.911533,39.731516],[116.916678,39.731353],[116.916364,39.73587],[116.912934,39.73569],[116.910718,39.740989],[116.914461,39.741755],[116.913185,39.745962],[116.907163,39.75597],[116.901558,39.755204],[116.901809,39.763615],[116.908292,39.766711],[116.910613,39.762278],[116.920902,39.769107],[116.91649,39.775935],[116.921718,39.780628],[116.933784,39.781801],[116.939284,39.781361],[116.945788,39.777369],[116.94974,39.778542],[116.948004,39.785369],[116.953797,39.78607],[116.950828,39.791528],[116.938301,39.793124],[116.934809,39.801139],[116.942881,39.801677],[116.92979,39.811368],[116.92818,39.814153],[116.92887,39.820912],[116.9259,39.835403],[116.917431,39.846913],[116.910383,39.850608],[116.902813,39.848248],[116.902896,39.841346],[116.907581,39.834117],[116.903357,39.830682],[116.897501,39.832587],[116.885665,39.844585],[116.878304,39.84522],[116.878638,39.842257],[116.871507,39.842062],[116.866049,39.843902],[116.865505,39.846913],[116.85829,39.84846],[116.85254,39.859056],[116.847249,39.858616],[116.839407,39.865777],[116.836897,39.864736],[116.827277,39.877071],[116.823681,39.879137],[116.817009,39.878649],[116.81312,39.881301],[116.812304,39.889712],[116.80831,39.889631],[116.808247,39.884913],[116.804253,39.88488],[116.804148,39.877933],[116.794738,39.881252],[116.787084,39.886833],[116.7847,39.89142],[116.78424,39.902221],[116.78217,39.910419],[116.782358,39.928273],[116.78332,39.936045],[116.782567,39.947554],[116.78058,39.949716],[116.762826,39.956006],[116.757326,39.961483],[116.759605,39.969933],[116.766443,39.976351],[116.766757,39.982281],[116.775373,39.992759],[116.775749,40.002943],[116.770459,40.011632],[116.777485,40.027204],[116.77782,40.032448],[116.781542,40.034818],[116.790221,40.034477],[116.789531,40.032318],[116.800259,40.028844],[116.803375,40.032155],[116.815295,40.030905],[116.82,40.028357],[116.820816,40.038779],[116.823158,40.039834],[116.822739,40.046473],[116.831732,40.048485],[116.831502,40.051196],[116.849486,40.051926],[116.850197,40.054977],[116.857809,40.051894],[116.867826,40.041863],[116.873619,40.041522],[116.88075,40.046164],[116.890265,40.04597],[116.90137,40.047723],[116.906431,40.051423],[116.914252,40.052592],[116.917974,40.044704],[116.924164,40.047463],[116.928096,40.054929],[116.931693,40.052024],[116.938824,40.050887],[116.937632,40.046911],[116.945014,40.048631],[116.945265,40.041425],[116.961932,40.051358],[116.964902,40.047836],[116.969293,40.048583],[116.972095,40.036977],[116.985626,40.038828],[116.991837,40.036896],[117.00016,40.032253],[117.000683,40.029915],[117.011369,40.031246],[117.018061,40.030467],[117.020884,40.032448],[117.024836,40.03011],[117.023916,40.033746],[117.028517,40.033957],[117.027032,40.038828],[117.033159,40.04235],[117.038639,40.049378],[117.051437,40.051163],[117.053382,40.052884],[117.052022,40.059375],[117.061182,40.060105],[117.064382,40.062783],[117.070634,40.064179],[117.069652,40.06757],[117.081049,40.068819],[117.080986,40.065087],[117.085064,40.068592],[117.085608,40.075131],[117.103927,40.075585],[117.107775,40.071805],[117.119507,40.072421],[117.128896,40.06546],[117.139227,40.064049],[117.15625,40.069338],[117.160139,40.075553],[117.158466,40.077435],[117.172227,40.074157],[117.175593,40.071642],[117.183603,40.072081],[117.186426,40.076202],[117.181533,40.080095],[117.18538,40.083875],[117.189207,40.082853],[117.191842,40.072973],[117.198576,40.070101],[117.197572,40.067748],[117.205247,40.07028],[117.208175,40.076834],[117.203616,40.076704],[117.204285,40.079657],[117.213989,40.086243],[117.21104,40.090785],[117.211249,40.096608],[117.224487,40.094662],[117.224403,40.098619],[117.228606,40.100257],[117.229025,40.103533],[117.236009,40.108382],[117.238226,40.111755],[117.245357,40.113215],[117.249268,40.116474],[117.255541,40.113279],[117.260393,40.114155],[117.266834,40.112177],[117.269908,40.107198],[117.274362,40.105804],[117.276663,40.109307],[117.275659,40.113636],[117.285425,40.121322],[117.297094,40.118857],[117.297073,40.121273],[117.302991,40.125926],[117.307613,40.136982],[117.313761,40.139964],[117.318571,40.138522],[117.323276,40.14071],[117.33093,40.13575],[117.330617,40.133691],[117.349082,40.136528],[117.351404,40.139932],[117.35636,40.140904],[117.356883,40.145037],[117.350525,40.144827],[117.355272,40.148587],[117.351717,40.150564],[117.360626,40.156965],[117.357343,40.164273],[117.351111,40.171661],[117.353746,40.17367],[117.359413,40.173346],[117.364014,40.176683],[117.368844,40.17299],[117.372023,40.176538],[117.377021,40.176327],[117.381225,40.172455],[117.380597,40.17691],[117.393186,40.174901],[117.391618,40.177607],[117.401217,40.183617],[117.404751,40.183244],[117.4077,40.187504],[117.397704,40.192914],[117.388356,40.188249],[117.38409,40.187828],[117.384382,40.195278],[117.381455,40.194906],[117.379552,40.201319],[117.393145,40.203376],[117.385679,40.207894],[117.378443,40.21029],[117.377586,40.218612],[117.39373,40.221656],[117.390029,40.227969],[117.386829,40.227111],[117.373989,40.232777],[117.36027,40.23255],[117.355691,40.229556],[117.351613,40.229459],[117.348246,40.234574],[117.345464,40.234946],[117.343457,40.242909],[117.339881,40.246194],[117.342202,40.256502],[117.337622,40.263266],[117.337999,40.265903],[117.334005,40.285654],[117.331244,40.289665],[117.32336,40.284441],[117.316794,40.285104],[117.316835,40.281999],[117.304309,40.278181],[117.29632,40.2781],[117.292368,40.286236],[117.294647,40.290894],[117.293309,40.296748],[117.285739,40.302214],[117.274342,40.308552],[117.274697,40.314405],[117.271853,40.319853],[117.271288,40.325285],[117.274969,40.331944],[117.267127,40.335694],[117.259828,40.336195],[117.261125,40.338781],[117.257089,40.341463],[117.25437,40.351191],[117.254182,40.357105],[117.250188,40.358381],[117.247762,40.364101],[117.242283,40.369981],[117.237055,40.370627],[117.22618,40.369044],[117.223901,40.375538]]]}},{"type":"Feature","properties":{"id":"nanjing","name":"Nanjing","source":"https://geo.datav.aliyun.com/areas_v3/bound/320100.json","sourceSha256":"a82e1bab8c8622b4ab060045ba9d0a6d8b4fbcc3f0885d2f29276cef0f0582c2","accessed":"2026-10-10","coordinateSystem":"GCJ-02 (DataV source)","components":2,"adcode":320100},"geometry":{"type":"MultiPolygon","coordinates":[[[[118.852541,31.502509],[118.848835,31.502258],[118.84671,31.503052],[118.845603,31.505656],[118.846262,31.509138],[118.849265,31.514234],[118.856432,31.52224],[118.861491,31.522463],[118.864179,31.521405],[118.865865,31.518968],[118.863292,31.516434],[118.856775,31.506492],[118.852541,31.502509]]],[[[119.107503,32.243954],[119.132315,32.245156],[119.153763,32.243664],[119.177204,32.238898],[119.229006,32.222166],[119.241663,32.216293],[119.236147,32.210406],[119.221392,32.201105],[119.219705,32.198589],[119.218159,32.193075],[119.216253,32.190697],[119.209526,32.189439],[119.19939,32.185845],[119.193813,32.184836],[119.191081,32.185417],[119.184547,32.189633],[119.174991,32.187587],[119.163397,32.185569],[119.154456,32.186177],[119.146613,32.189232],[119.14151,32.191927],[119.136715,32.193392],[119.124375,32.19013],[119.119755,32.186619],[119.116347,32.186384],[119.108065,32.183758],[119.09821,32.181601],[119.093555,32.179859],[119.086898,32.178505],[119.078659,32.178726],[119.076455,32.176085],[119.079257,32.174938],[119.076955,32.170652],[119.076016,32.161679],[119.067479,32.160725],[119.066091,32.162508],[119.062709,32.161941],[119.058889,32.162896],[119.052293,32.16125],[119.049298,32.163739],[119.047972,32.161264],[119.051476,32.159356],[119.054945,32.159881],[119.05895,32.159162],[119.058494,32.156452],[119.05542,32.155899],[119.054682,32.158982],[119.053241,32.157627],[119.04769,32.15836],[119.047374,32.156314],[119.043852,32.156065],[119.039347,32.157033],[119.035043,32.15276],[119.031749,32.148667],[119.032865,32.14597],[119.027815,32.141932],[119.022378,32.130895],[119.020516,32.12893],[119.016028,32.128488],[119.009239,32.124684],[119.009704,32.121641],[119.008887,32.115941],[119.016976,32.114987],[119.018092,32.114157],[119.020771,32.115263],[119.02193,32.114254],[119.026655,32.115955],[119.03254,32.114018],[119.03723,32.114309],[119.039926,32.112248],[119.045381,32.111542],[119.046443,32.107793],[119.046795,32.109854],[119.049271,32.110242],[119.051362,32.105496],[119.050141,32.104417],[119.055674,32.104002],[119.057668,32.102245],[119.060566,32.104043],[119.069261,32.107917],[119.07555,32.108083],[119.079783,32.107322],[119.081119,32.100667],[119.082954,32.097001],[119.086397,32.092241],[119.089752,32.089695],[119.094548,32.091839],[119.098869,32.091037],[119.100178,32.088823],[119.10016,32.085944],[119.098509,32.07162],[119.092835,32.06034],[119.086617,32.05321],[119.087732,32.045624],[119.092668,32.037621],[119.092334,32.032221],[119.094934,32.027998],[119.094311,32.022237],[119.096366,32.018332],[119.097903,32.011241],[119.092361,32.004122],[119.092896,32.002793],[119.100871,32.002322],[119.102812,32.004884],[119.107503,32.00343],[119.112474,32.000452],[119.11416,31.997889],[119.114222,31.988192],[119.115838,31.986391],[119.121634,31.984826],[119.121125,31.977552],[119.118587,31.977996],[119.115987,31.979908],[119.113914,31.979838],[119.111745,31.974989],[119.111042,31.969475],[119.107942,31.965789],[119.102962,31.965581],[119.096708,31.969502],[119.095136,31.97122],[119.090121,31.97413],[119.082849,31.974241],[119.079625,31.972758],[119.077333,31.970597],[119.07375,31.969613],[119.070421,31.972357],[119.064888,31.973424],[119.053101,31.968768],[119.046847,31.968546],[119.041525,31.963627],[119.034402,31.962255],[119.029246,31.957086],[119.029325,31.950268],[119.033023,31.944558],[119.03752,31.938986],[119.043615,31.937323],[119.046505,31.935923],[119.051537,31.935937],[119.055297,31.939541],[119.06155,31.939277],[119.067637,31.94022],[119.076876,31.936727],[119.084957,31.935909],[119.088514,31.932638],[119.093511,31.934564],[119.097718,31.933012],[119.101495,31.935646],[119.102259,31.933178],[119.104165,31.933608],[119.104341,31.931251],[119.108434,31.922989],[119.110032,31.91065],[119.112685,31.906824],[119.111183,31.901638],[119.112149,31.900459],[119.11669,31.899045],[119.117032,31.892832],[119.11647,31.890475],[119.113791,31.887743],[119.107784,31.885135],[119.105623,31.880905],[119.103761,31.878866],[119.102918,31.873568],[119.100327,31.8658],[119.097174,31.86408],[119.094521,31.861],[119.092405,31.860446],[119.075401,31.864177],[119.071932,31.865509],[119.069753,31.868796],[119.066644,31.868242],[119.061831,31.864566],[119.055929,31.861125],[119.050044,31.859946],[119.045855,31.858406],[119.043369,31.854425],[119.041595,31.85387],[119.035956,31.854314],[119.032812,31.853759],[119.028974,31.850318],[119.025909,31.846364],[119.020358,31.845934],[119.014666,31.846572],[119.010749,31.845878],[119.00338,31.845781],[118.996916,31.842798],[118.99227,31.84413],[118.979658,31.842354],[118.979324,31.838233],[118.976592,31.835805],[118.97156,31.836415],[118.969452,31.834597],[118.970795,31.830989],[118.972912,31.829796],[118.970391,31.826077],[118.971885,31.824328],[118.978006,31.822788],[118.980624,31.820664],[118.986412,31.817875],[118.99003,31.812809],[118.99205,31.812448],[118.992665,31.808881],[118.998427,31.801468],[119.000745,31.801413],[119.006358,31.798623],[119.006068,31.793847],[119.007877,31.792334],[119.002924,31.783435],[118.985498,31.784448],[118.982556,31.782976],[118.982029,31.778047],[118.982951,31.775243],[118.981036,31.769383],[118.979333,31.766911],[118.980457,31.764661],[118.984128,31.764064],[118.991207,31.765522],[118.995722,31.768619],[118.998892,31.767203],[119.001747,31.770022],[119.005023,31.777756],[119.009291,31.778686],[119.012067,31.777367],[119.016643,31.777325],[119.017214,31.778478],[119.021552,31.778603],[119.029677,31.784712],[119.034964,31.783657],[119.041657,31.7881],[119.055639,31.788974],[119.065757,31.781949],[119.068884,31.781907],[119.069709,31.783865],[119.077105,31.783948],[119.078185,31.781616],[119.07714,31.775826],[119.077842,31.77391],[119.085791,31.773951],[119.089893,31.769633],[119.0928,31.762731],[119.094003,31.756051],[119.09677,31.754093],[119.105412,31.751343],[119.109242,31.752551],[119.110823,31.751357],[119.108882,31.746857],[119.114432,31.740259],[119.12058,31.738773],[119.124998,31.735786],[119.126746,31.731882],[119.129267,31.723589],[119.130909,31.722116],[119.134958,31.722699],[119.138673,31.722102],[119.142371,31.717239],[119.14801,31.712112],[119.153552,31.70358],[119.156204,31.704233],[119.157697,31.699384],[119.167947,31.699189],[119.17384,31.696618],[119.178574,31.696438],[119.186435,31.694117],[119.190405,31.687056],[119.190203,31.683137],[119.18662,31.677661],[119.186066,31.671447],[119.187445,31.666818],[119.189255,31.665094],[119.192276,31.659839],[119.190396,31.65596],[119.186101,31.651191],[119.187322,31.649147],[119.199109,31.647326],[119.200866,31.646422],[119.204739,31.646645],[119.206715,31.643836],[119.206223,31.637092],[119.211783,31.633434],[119.211642,31.62872],[119.212424,31.627718],[119.216578,31.627816],[119.22234,31.630194],[119.226802,31.630027],[119.232511,31.632266],[119.234065,31.627037],[119.230148,31.619276],[119.228699,31.61157],[119.221866,31.59478],[119.219846,31.590787],[119.216245,31.585416],[119.216034,31.580518],[119.217905,31.576455],[119.215797,31.570402],[119.206469,31.563124],[119.206785,31.55828],[119.19766,31.551864],[119.189088,31.551739],[119.186866,31.549637],[119.18748,31.545837],[119.181095,31.538111],[119.180182,31.527642],[119.186154,31.528673],[119.189386,31.529856],[119.198635,31.530023],[119.197634,31.528269],[119.19946,31.524538],[119.198204,31.521739],[119.194454,31.51823],[119.193725,31.516573],[119.189096,31.511031],[119.186962,31.509472],[119.186734,31.505893],[119.183537,31.500197],[119.174367,31.499],[119.171741,31.497969],[119.170143,31.494599],[119.166401,31.493457],[119.153016,31.493178],[119.148616,31.486952],[119.149143,31.484013],[119.156046,31.480113],[119.155941,31.4756],[119.152612,31.464636],[119.149002,31.457949],[119.141299,31.451498],[119.140535,31.448558],[119.140913,31.444962],[119.147052,31.443708],[119.153113,31.439514],[119.155545,31.438636],[119.159955,31.44081],[119.164126,31.441102],[119.166445,31.434413],[119.168351,31.42849],[119.169221,31.421493],[119.169572,31.400849],[119.169185,31.394031],[119.170433,31.391591],[119.171776,31.38561],[119.174446,31.380799],[119.1825,31.381719],[119.18683,31.380994],[119.190071,31.379084],[119.200093,31.369099],[119.202956,31.36426],[119.204484,31.357858],[119.20805,31.35677],[119.214128,31.355905],[119.216262,31.353967],[119.214435,31.353492],[119.21801,31.348861],[119.2118,31.343993],[119.208243,31.341789],[119.201243,31.333419],[119.198336,31.330656],[119.197238,31.323722],[119.195754,31.320959],[119.193049,31.318559],[119.19578,31.313494],[119.195341,31.309364],[119.19015,31.308763],[119.188332,31.307187],[119.187489,31.301869],[119.182922,31.301269],[119.180313,31.299999],[119.176888,31.296692],[119.176229,31.293942],[119.168983,31.292156],[119.16619,31.29217],[119.158136,31.29478],[119.152059,31.285093],[119.150091,31.277164],[119.140667,31.276033],[119.137207,31.26675],[119.13177,31.262561],[119.123892,31.261263],[119.120018,31.261696],[119.113299,31.257758],[119.10702,31.250581],[119.10536,31.238013],[119.105298,31.235276],[119.102224,31.236058],[119.091922,31.236687],[119.087231,31.238726],[119.085457,31.240262],[119.083727,31.239731],[119.080223,31.234396],[119.076446,31.232218],[119.073776,31.232874],[119.068058,31.237818],[119.062323,31.238488],[119.058625,31.236994],[119.054945,31.234047],[119.048841,31.233544],[119.042746,31.235625],[119.039522,31.238432],[119.034639,31.236603],[119.028675,31.238698],[119.022879,31.238167],[119.01919,31.241742],[119.014552,31.241505],[119.003284,31.23374],[118.994457,31.230765],[118.991365,31.230332],[118.986464,31.231156],[118.984233,31.237469],[118.981089,31.23853],[118.977137,31.236519],[118.968547,31.237692],[118.963479,31.237483],[118.956708,31.238013],[118.953054,31.237776],[118.948724,31.235541],[118.94637,31.235639],[118.937649,31.239955],[118.934434,31.240346],[118.928909,31.23955],[118.924966,31.239689],[118.921936,31.241379],[118.92061,31.244102],[118.915199,31.244186],[118.912371,31.243236],[118.903887,31.239186],[118.897809,31.238251],[118.891239,31.237985],[118.882895,31.238712],[118.872496,31.240164],[118.870415,31.242175],[118.854289,31.23955],[118.850425,31.23948],[118.843205,31.236002],[118.840078,31.236226],[118.83595,31.233502],[118.83624,31.232399],[118.831287,31.229438],[118.826676,31.22955],[118.824076,31.230458],[118.819798,31.235849],[118.813738,31.23441],[118.809312,31.234075],[118.806369,31.229508],[118.803014,31.228097],[118.801653,31.229299],[118.79532,31.229438],[118.793046,31.231575],[118.789128,31.233181],[118.785703,31.235611],[118.781408,31.239843],[118.779388,31.243599],[118.779045,31.246434],[118.780767,31.253947],[118.779976,31.259532],[118.776349,31.264265],[118.770526,31.268258],[118.764114,31.275419],[118.761383,31.277681],[118.755252,31.279621],[118.732329,31.281575],[118.729,31.28131],[118.726585,31.282231],[118.714657,31.291988],[118.707912,31.296803],[118.704232,31.298757],[118.699753,31.300223],[118.701457,31.302721],[118.704434,31.302777],[118.71493,31.296929],[118.719611,31.294794],[118.720762,31.312685],[118.721016,31.322355],[118.723862,31.325522],[118.726488,31.331786],[118.735051,31.34476],[118.745749,31.372697],[118.754602,31.385066],[118.755665,31.385791],[118.765405,31.387938],[118.767478,31.382626],[118.770341,31.379321],[118.770877,31.376936],[118.769577,31.370703],[118.767935,31.367272],[118.767584,31.363981],[118.771281,31.363116],[118.773161,31.364678],[118.784552,31.368597],[118.791895,31.369322],[118.800256,31.368988],[118.811103,31.371386],[118.819667,31.375235],[118.822012,31.375054],[118.829495,31.377508],[118.83653,31.381915],[118.835186,31.383909],[118.847386,31.393948],[118.84952,31.391982],[118.851154,31.392539],[118.853727,31.397754],[118.856959,31.40255],[118.864355,31.414761],[118.869633,31.421577],[118.867718,31.42364],[118.867815,31.42803],[118.866076,31.444879],[118.87052,31.463048],[118.877784,31.478748],[118.883185,31.496479],[118.885592,31.514164],[118.886286,31.527684],[118.883923,31.531485],[118.8794,31.532947],[118.873744,31.531958],[118.873208,31.538097],[118.875843,31.543749],[118.875149,31.552421],[118.876861,31.557459],[118.881982,31.56478],[118.875632,31.570736],[118.873243,31.574354],[118.873427,31.578737],[118.876686,31.586126],[118.877318,31.589924],[118.87507,31.591635],[118.865321,31.591802],[118.862062,31.593124],[118.862536,31.595197],[118.870775,31.599329],[118.86872,31.611376],[118.863353,31.615201],[118.858549,31.623949],[118.854878,31.624895],[118.849986,31.624283],[118.845032,31.626244],[118.841071,31.628553],[118.83321,31.630583],[118.827159,31.629429],[118.819553,31.628525],[118.820607,31.623254],[118.81452,31.619234],[118.805368,31.618372],[118.802759,31.619485],[118.799018,31.625145],[118.796041,31.628303],[118.790446,31.630083],[118.792835,31.635701],[118.791886,31.63787],[118.78904,31.640234],[118.787969,31.642543],[118.789559,31.646547],[118.788434,31.648466],[118.783744,31.651747],[118.783086,31.656516],[118.792589,31.65938],[118.799035,31.666373],[118.798166,31.668653],[118.793037,31.671058],[118.788645,31.671934],[118.7845,31.674978],[118.779713,31.680079],[118.774136,31.682609],[118.768295,31.67748],[118.760513,31.68026],[118.756324,31.6778],[118.751124,31.677716],[118.747971,31.675464],[118.748858,31.673101],[118.74437,31.668361],[118.744985,31.664413],[118.743817,31.660534],[118.745152,31.656711],[118.744203,31.654806],[118.739399,31.65108],[118.741419,31.648758],[118.738371,31.646784],[118.739891,31.642556],[118.736545,31.639275],[118.735842,31.635896],[118.736711,31.634157],[118.73405,31.632057],[118.731723,31.633879],[118.730238,31.633059],[118.727753,31.634018],[118.72626,31.631014],[118.724863,31.630528],[118.724942,31.627371],[118.719409,31.627454],[118.717986,31.633671],[118.717134,31.635075],[118.716941,31.639469],[118.71182,31.642251],[118.704109,31.638399],[118.698014,31.639692],[118.694975,31.639734],[118.688827,31.636285],[118.684795,31.636229],[118.673817,31.64054],[118.657849,31.641124],[118.654819,31.642709],[118.650427,31.646686],[118.644754,31.647131],[118.643629,31.650009],[118.647951,31.65938],[118.648504,31.662272],[118.646967,31.666359],[118.643796,31.669737],[118.643234,31.67135],[118.644903,31.673935],[118.646976,31.679885],[118.649611,31.680093],[118.6507,31.678467],[118.654916,31.675631],[118.663259,31.680579],[118.671401,31.688474],[118.670172,31.692685],[118.671586,31.695006],[118.673869,31.696451],[118.680729,31.696604],[118.690249,31.704803],[118.692603,31.707374],[118.696336,31.707916],[118.697697,31.709417],[118.691874,31.713641],[118.69082,31.715086],[118.687342,31.716169],[118.68729,31.720963],[118.684909,31.724895],[118.680202,31.726464],[118.677268,31.728576],[118.66852,31.729312],[118.662961,31.73041],[118.653976,31.730146],[118.650779,31.733577],[118.652105,31.739773],[118.64608,31.740356],[118.642391,31.742287],[118.641697,31.744009],[118.648381,31.748801],[118.647784,31.751037],[118.644525,31.752246],[118.642909,31.753857],[118.641662,31.758245],[118.638105,31.759051],[118.627056,31.759468],[118.625703,31.756246],[118.6227,31.754037],[118.621997,31.751871],[118.619037,31.750065],[118.616674,31.751496],[118.613706,31.75469],[118.609341,31.75719],[118.605634,31.756232],[118.600716,31.753982],[118.593101,31.744412],[118.579356,31.740676],[118.575298,31.740926],[118.573014,31.745495],[118.571706,31.746232],[118.567235,31.742717],[118.562158,31.737856],[118.557187,31.729646],[118.554754,31.728215],[118.55313,31.729021],[118.55002,31.735967],[118.54692,31.73655],[118.545102,31.732077],[118.537311,31.737203],[118.536293,31.738564],[118.531119,31.7363],[118.530118,31.738036],[118.530022,31.742315],[118.523979,31.742245],[118.522126,31.743051],[118.523592,31.745482],[118.529407,31.748551],[118.538699,31.749371],[118.537522,31.753996],[118.539753,31.758676],[118.546305,31.758329],[118.54735,31.758995],[118.545488,31.762162],[118.539674,31.761551],[118.53667,31.766592],[118.533851,31.767244],[118.523601,31.761995],[118.519745,31.763092],[118.515319,31.765522],[118.510769,31.76562],[118.50593,31.769508],[118.504323,31.772535],[118.50319,31.778047],[118.499711,31.778145],[118.492738,31.776173],[118.487389,31.77652],[118.482154,31.778353],[118.486124,31.795416],[118.493186,31.811351],[118.504735,31.841743],[118.49835,31.841577],[118.490612,31.843159],[118.475444,31.850318],[118.4723,31.854355],[118.467636,31.856728],[118.466758,31.858032],[118.467373,31.863095],[118.466652,31.864982],[118.467092,31.86888],[118.4723,31.874262],[118.473152,31.877618],[118.472309,31.879629],[118.452283,31.88465],[118.449192,31.887257],[118.44379,31.888616],[118.440128,31.892694],[118.430651,31.896216],[118.420067,31.899586],[118.415931,31.901444],[118.408087,31.910151],[118.402958,31.914033],[118.400077,31.914741],[118.395545,31.914006],[118.388326,31.914158],[118.386016,31.914796],[118.38093,31.918817],[118.378023,31.922851],[118.375301,31.925332],[118.368792,31.928645],[118.364375,31.930156],[118.363373,31.931764],[118.363944,31.934966],[118.369486,31.944211],[118.368871,31.949312],[118.369003,31.956172],[118.371252,31.95983],[118.374993,31.963987],[118.3792,31.967271],[118.380377,31.970181],[118.379341,31.974213],[118.376407,31.977774],[118.375634,31.980351],[118.376715,31.981723],[118.387175,31.98326],[118.389266,31.985075],[118.390996,31.989536],[118.39125,31.995894],[118.389239,32.001172],[118.390249,32.006394],[118.389643,32.012045],[118.392269,32.016601],[118.399357,32.016989],[118.401535,32.018678],[118.401087,32.021739],[118.398804,32.024093],[118.395458,32.024938],[118.389494,32.027416],[118.386622,32.030172],[118.385972,32.033121],[118.387983,32.042246],[118.388607,32.043326],[118.393306,32.046012],[118.39436,32.048407],[118.392032,32.053183],[118.388001,32.053875],[118.385085,32.058111],[118.385023,32.060755],[118.388282,32.063149],[118.390047,32.062028],[118.393279,32.062679],[118.395563,32.066292],[118.396942,32.072202],[118.394746,32.075565],[118.395765,32.077184],[118.400016,32.077779],[118.403643,32.074804],[118.40504,32.075371],[118.404671,32.079689],[118.405453,32.080782],[118.411161,32.080519],[118.412769,32.081557],[118.415096,32.087425],[118.420024,32.085529],[118.42582,32.086276],[118.433514,32.086678],[118.434217,32.0904],[118.438195,32.08856],[118.441085,32.092033],[118.444765,32.093873],[118.447585,32.094261],[118.449894,32.097859],[118.453285,32.096973],[118.458054,32.100723],[118.460171,32.101387],[118.462876,32.100653],[118.470736,32.108277],[118.473617,32.110006],[118.472879,32.113728],[118.473371,32.115817],[118.477139,32.117588],[118.482119,32.116979],[118.486072,32.119441],[118.489479,32.120728],[118.49453,32.121613],[118.499114,32.120382],[118.500713,32.122194],[118.49756,32.125445],[118.494696,32.130964],[118.49503,32.132886],[118.498183,32.133619],[118.499053,32.135224],[118.497744,32.138433],[118.499211,32.141282],[118.500607,32.14171],[118.507458,32.137893],[118.505482,32.143522],[118.498385,32.160863],[118.495627,32.165191],[118.496172,32.172228],[118.495592,32.177053],[118.496831,32.178574],[118.506466,32.182113],[118.508372,32.184255],[118.507335,32.188209],[118.508415,32.193185],[118.509829,32.194305],[118.518323,32.18908],[118.521045,32.188278],[118.524646,32.189038],[118.527879,32.191347],[118.530988,32.195466],[118.532375,32.195797],[118.539613,32.192425],[118.548158,32.194899],[118.549125,32.198037],[118.551698,32.199626],[118.558619,32.197055],[118.561728,32.196889],[118.569633,32.201257],[118.574938,32.202584],[118.577994,32.199778],[118.580875,32.198672],[118.587752,32.199267],[118.590106,32.200414],[118.591977,32.19964],[118.59195,32.196309],[118.594067,32.194982],[118.594866,32.196696],[118.598336,32.199502],[118.608454,32.201768],[118.616209,32.205293],[118.619652,32.205458],[118.626599,32.202515],[118.628856,32.202321],[118.631632,32.203689],[118.637218,32.207739],[118.644121,32.209978],[118.650542,32.218131],[118.663514,32.231078],[118.66751,32.235927],[118.674897,32.251054],[118.675828,32.253831],[118.674466,32.256262],[118.667431,32.257546],[118.664375,32.259121],[118.660106,32.263209],[118.659246,32.26611],[118.668081,32.281825],[118.670778,32.285609],[118.670259,32.291809],[118.667326,32.296379],[118.662557,32.295674],[118.659983,32.296351],[118.657305,32.300189],[118.658095,32.303199],[118.660264,32.305435],[118.67047,32.309811],[118.674791,32.314132],[118.678463,32.316534],[118.681554,32.317473],[118.687817,32.31808],[118.693684,32.317266],[118.696327,32.317721],[118.696538,32.320564],[118.693376,32.3224],[118.68678,32.322635],[118.68397,32.32407],[118.684382,32.327935],[118.687641,32.329991],[118.692656,32.33024],[118.698585,32.328749],[118.703222,32.328956],[118.706946,32.332241],[118.708184,32.336616],[118.707903,32.338396],[118.704812,32.340342],[118.700051,32.341225],[118.697531,32.342646],[118.6966,32.345075],[118.69725,32.347062],[118.699858,32.349739],[118.694386,32.350222],[118.692911,32.351698],[118.694492,32.356045],[118.696099,32.356969],[118.702045,32.357935],[118.702229,32.359563],[118.699691,32.361646],[118.69609,32.367979],[118.698093,32.369],[118.703073,32.367703],[118.703512,32.37209],[118.702388,32.373111],[118.698022,32.373552],[118.697372,32.375607],[118.700921,32.376794],[118.701746,32.379525],[118.698769,32.38318],[118.696196,32.383828],[118.693894,32.382325],[118.692182,32.37787],[118.690188,32.37827],[118.68779,32.384532],[118.679947,32.389428],[118.678682,32.393952],[118.684462,32.402365],[118.685761,32.404971],[118.688906,32.418208],[118.689029,32.420663],[118.686912,32.429817],[118.690144,32.450232],[118.691549,32.452796],[118.690627,32.458557],[118.69263,32.465117],[118.691347,32.472448],[118.689292,32.473495],[118.681194,32.472241],[118.672903,32.469843],[118.669592,32.470711],[118.653914,32.47592],[118.652641,32.477036],[118.647696,32.476526],[118.645087,32.474391],[118.643427,32.470477],[118.6411,32.470188],[118.634293,32.471263],[118.631439,32.469058],[118.628101,32.467652],[118.624711,32.468493],[118.621259,32.470422],[118.608568,32.470574],[118.60805,32.475851],[118.596711,32.476623],[118.593338,32.478827],[118.592117,32.48201],[118.592794,32.490869],[118.592363,32.499879],[118.595086,32.502758],[118.608006,32.501752],[118.615331,32.508502],[118.617465,32.512414],[118.616789,32.515733],[118.614444,32.520416],[118.607373,32.521091],[118.604844,32.522853],[118.605573,32.526737],[118.608568,32.533485],[118.608831,32.537051],[118.605827,32.540273],[118.598986,32.544652],[118.591415,32.547695],[118.584678,32.549002],[118.578205,32.552568],[118.568078,32.55875],[118.564899,32.562095],[118.563731,32.564366],[118.56662,32.580195],[118.569501,32.58643],[118.572847,32.588136],[118.581253,32.594549],[118.585152,32.596021],[118.589061,32.59532],[118.591072,32.596255],[118.598072,32.601347],[118.60083,32.599971],[118.601796,32.59737],[118.604545,32.596517],[118.623402,32.592609],[118.627153,32.589829],[118.631131,32.582934],[118.63316,32.578282],[118.639668,32.581393],[118.638825,32.582838],[118.642409,32.583333],[118.641249,32.58709],[118.645491,32.588687],[118.646299,32.590957],[118.649277,32.590847],[118.652281,32.593063],[118.651192,32.595306],[118.653598,32.598099],[118.657603,32.597301],[118.658727,32.594453],[118.661072,32.593875],[118.66441,32.594618],[118.667203,32.593655],[118.668801,32.594893],[118.677075,32.592953],[118.68577,32.588921],[118.689547,32.588535],[118.69147,32.590407],[118.691839,32.593311],[118.690355,32.599806],[118.687211,32.603617],[118.689046,32.604759],[118.691058,32.600975],[118.692814,32.600246],[118.694667,32.597012],[118.695054,32.591136],[118.696679,32.588274],[118.700851,32.588535],[118.701272,32.591742],[118.700403,32.597342],[118.699164,32.600328],[118.697074,32.602778],[118.697987,32.60641],[118.703652,32.608295],[118.711478,32.608901],[118.717582,32.608419],[118.718996,32.614363],[118.722896,32.61234],[118.725302,32.608226],[118.726031,32.596297],[118.735482,32.588797],[118.738275,32.588439],[118.74069,32.589375],[118.743316,32.592609],[118.74329,32.597728],[118.744335,32.59887],[118.749745,32.599379],[118.757518,32.603961],[118.76292,32.603686],[118.76826,32.601636],[118.775787,32.597728],[118.776454,32.594398],[118.77483,32.587682],[118.777912,32.587517],[118.78125,32.584283],[118.784763,32.582452],[118.788751,32.582287],[118.794363,32.583966],[118.801785,32.584338],[118.804806,32.586843],[118.806053,32.589636],[118.805315,32.593434],[118.8086,32.594797],[118.813729,32.600824],[118.817357,32.601993],[118.820984,32.604305],[118.824559,32.602516],[118.82549,32.599668],[118.825534,32.595388],[118.824629,32.589622],[118.8226,32.587462],[118.819254,32.586223],[118.820492,32.582535],[118.825551,32.582824],[118.827554,32.581159],[118.826605,32.576066],[118.827036,32.57268],[118.836108,32.570671],[118.83754,32.572639],[118.840526,32.574084],[118.842748,32.572777],[118.842652,32.567986],[118.844777,32.567312],[118.848519,32.568193],[118.851927,32.570712],[118.852208,32.572047],[118.855958,32.574373],[118.862633,32.575598],[118.872646,32.576066],[118.874218,32.57747],[118.873296,32.582549],[118.874982,32.582962],[118.878873,32.578943],[118.881227,32.578612],[118.884204,32.580429],[118.883238,32.58354],[118.885082,32.586361],[118.887884,32.58709],[118.896342,32.587035],[118.901998,32.589031],[118.907874,32.59232],[118.909771,32.588893],[118.90935,32.586856],[118.90004,32.581682],[118.898143,32.57769],[118.896395,32.577264],[118.897062,32.574428],[118.896904,32.569308],[118.898643,32.56047],[118.896518,32.560223],[118.894489,32.561682],[118.890168,32.559066],[118.888148,32.556864],[118.887875,32.55484],[118.891389,32.553147],[118.899715,32.553119],[118.904124,32.557951],[118.906372,32.557924],[118.90588,32.552293],[118.914005,32.548851],[118.915972,32.549526],[118.916341,32.556051],[118.919784,32.557249],[118.923429,32.555872],[118.925572,32.557153],[118.933266,32.556409],[118.936542,32.557538],[118.937561,32.553064],[118.940591,32.547805],[118.944894,32.543495],[118.964797,32.526709],[118.967168,32.523046],[118.967923,32.514549],[118.974853,32.505871],[118.979824,32.503874],[118.987834,32.504328],[118.990838,32.503405],[118.997434,32.503901],[119.003398,32.506463],[119.006015,32.509108],[119.007517,32.514066],[119.012848,32.513998],[119.015211,32.5147],[119.019216,32.517992],[119.021754,32.517854],[119.029756,32.515237],[119.039083,32.516022],[119.041393,32.514755],[119.042544,32.5097],[119.043308,32.502827],[119.045776,32.498102],[119.05051,32.492936],[119.062788,32.484587],[119.064554,32.482052],[119.064088,32.476196],[119.065608,32.473936],[119.065125,32.469444],[119.066144,32.464634],[119.067443,32.462416],[119.064879,32.461644],[119.060522,32.462733],[119.05881,32.464152],[119.054559,32.464304],[119.047014,32.462898],[119.043343,32.460004],[119.035904,32.452437],[119.030546,32.456021],[119.027411,32.456641],[119.023739,32.456076],[119.021825,32.445022],[119.022466,32.440308],[119.027911,32.434463],[119.029475,32.428825],[119.025259,32.424606],[119.024222,32.420869],[119.021974,32.420607],[119.018013,32.418181],[119.016449,32.413176],[119.016493,32.40515],[119.01753,32.399248],[119.021746,32.396738],[119.022984,32.394187],[119.02316,32.390932],[119.027472,32.388297],[119.03745,32.388849],[119.039004,32.384835],[119.038407,32.38158],[119.035623,32.380366],[119.022545,32.380449],[119.020112,32.378021],[119.021719,32.375442],[119.035816,32.370531],[119.0438,32.365178],[119.039338,32.362074],[119.037493,32.359397],[119.037019,32.356817],[119.034191,32.354872],[119.029448,32.353658],[119.027305,32.35134],[119.027314,32.347849],[119.028429,32.345075],[119.041955,32.33329],[119.042034,32.332158],[119.037933,32.328556],[119.03586,32.325437],[119.037502,32.322828],[119.037502,32.314022],[119.035588,32.308707],[119.039838,32.303737],[119.039215,32.299209],[119.036325,32.294625],[119.039312,32.29167],[119.040322,32.285623],[119.039882,32.279326],[119.040875,32.276661],[119.041068,32.271717],[119.0399,32.266234],[119.037283,32.262712],[119.037089,32.259867],[119.039803,32.257408],[119.05657,32.251676],[119.074777,32.248968],[119.079177,32.245031],[119.086019,32.241136],[119.107503,32.243954]]]]}},{"type":"Feature","properties":{"id":"suzhou","name":"Suzhou","source":"https://geo.datav.aliyun.com/areas_v3/bound/320500.json","sourceSha256":"306c8781df063dd47d083f2dbe44505a87b33dc43c428e59b78fe38c00a8c424","accessed":"2026-10-10","coordinateSystem":"GCJ-02 (DataV source)","components":1,"adcode":320500},"geometry":{"type":"Polygon","coordinates":[[[120.209614,31.345659],[120.173715,31.308817],[120.110224,31.264002],[119.920013,31.170913],[119.920957,31.170384],[119.920275,31.164406],[119.921074,31.161216],[119.927928,31.152951],[119.936757,31.146558],[119.939822,31.142955],[119.940475,31.139584],[119.93988,31.134598],[119.940199,31.12863],[119.946589,31.112016],[119.947025,31.108941],[119.94624,31.106228],[119.953022,31.096782],[119.961431,31.087387],[119.969766,31.074282],[119.97209,31.07202],[119.982778,31.064924],[119.988514,31.059223],[119.99245,31.048299],[119.995572,31.043166],[119.998433,31.036184],[119.997605,31.034606],[120.001729,31.027119],[120.004692,31.024908],[120.017021,31.017795],[120.032531,31.011781],[120.045702,31.008185],[120.052441,31.005741],[120.056914,31.002649],[120.061328,30.99798],[120.072888,30.989041],[120.081238,30.983944],[120.086974,30.979674],[120.09441,30.973231],[120.099129,30.966347],[120.101642,30.964173],[120.103762,30.965105],[120.104357,30.963448],[120.107451,30.960627],[120.107088,30.959709],[120.111023,30.955917],[120.115118,30.954649],[120.129945,30.944981],[120.135144,30.941901],[120.140358,30.943337],[120.145615,30.941357],[120.145891,30.939726],[120.149652,30.937474],[120.167369,30.935014],[120.178522,30.933862],[120.188586,30.93227],[120.195469,30.9306],[120.198795,30.928309],[120.206114,30.929759],[120.212315,30.929021],[120.223686,30.926691],[120.236581,30.926134],[120.241316,30.926497],[120.250755,30.926225],[120.266148,30.928244],[120.271376,30.928659],[120.274644,30.928193],[120.282515,30.929863],[120.299854,30.931649],[120.308074,30.93227],[120.322247,30.935209],[120.330975,30.937772],[120.340894,30.939959],[120.343334,30.939985],[120.351147,30.942561],[120.359264,30.944593],[120.364507,30.947129],[120.3711,30.94876],[120.371652,30.946469],[120.370214,30.943441],[120.359453,30.931908],[120.360542,30.928232],[120.362677,30.924594],[120.362706,30.921668],[120.35941,30.920322],[120.357783,30.918108],[120.356926,30.90889],[120.359366,30.90305],[120.359003,30.899671],[120.360121,30.892794],[120.358393,30.891733],[120.359018,30.889544],[120.358015,30.887096],[120.364667,30.880465],[120.372436,30.882162],[120.372349,30.885011],[120.377257,30.885633],[120.379407,30.890774],[120.384693,30.891564],[120.394698,30.890774],[120.405793,30.893792],[120.405241,30.895889],[120.40665,30.897379],[120.409656,30.898],[120.415683,30.900719],[120.417208,30.902144],[120.423496,30.903076],[120.418718,30.92005],[120.418021,30.925552],[120.420098,30.927714],[120.423423,30.927442],[120.434997,30.920814],[120.43764,30.915001],[120.437321,30.909822],[120.434794,30.909149],[120.435912,30.906067],[120.438352,30.90665],[120.441605,30.903296],[120.442273,30.900603],[120.440487,30.898751],[120.436348,30.896925],[120.434838,30.89238],[120.434489,30.887977],[120.435259,30.886475],[120.439557,30.885206],[120.442854,30.880077],[120.447094,30.874792],[120.452482,30.871567],[120.452366,30.867902],[120.447951,30.865492],[120.441968,30.860868],[120.4413,30.856295],[120.444045,30.853328],[120.448576,30.850815],[120.452613,30.850685],[120.454457,30.849636],[120.455822,30.84457],[120.460397,30.839854],[120.461006,30.82827],[120.459961,30.825691],[120.455459,30.823604],[120.454747,30.821375],[120.455285,30.816853],[120.456679,30.81461],[120.460977,30.813794],[120.464724,30.807987],[120.469676,30.806251],[120.473699,30.805965],[120.475529,30.803866],[120.477228,30.800016],[120.475674,30.792355],[120.476995,30.785588],[120.480684,30.778392],[120.486754,30.76977],[120.489426,30.763416],[120.504428,30.75797],[120.509205,30.76282],[120.518224,30.773232],[120.526138,30.784875],[120.530088,30.789736],[120.539092,30.802479],[120.543289,30.807884],[120.547631,30.815142],[120.554587,30.824175],[120.558639,30.828347],[120.559481,30.831522],[120.563794,30.835513],[120.572202,30.840877],[120.57425,30.841577],[120.580901,30.845671],[120.583588,30.84983],[120.588961,30.854429],[120.590747,30.852758],[120.602989,30.84891],[120.608624,30.84825],[120.616887,30.849999],[120.622013,30.852706],[120.62621,30.856075],[120.636202,30.853885],[120.641371,30.855323],[120.644697,30.854857],[120.645379,30.851489],[120.651609,30.847783],[120.655385,30.847498],[120.654775,30.855155],[120.657825,30.856891],[120.657709,30.862552],[120.658682,30.865272],[120.661964,30.863821],[120.663009,30.861412],[120.667802,30.865674],[120.670329,30.869145],[120.67364,30.875712],[120.67987,30.87759],[120.682818,30.882538],[120.685998,30.881696],[120.686143,30.878484],[120.694,30.874728],[120.692635,30.87307],[120.693128,30.870661],[120.696904,30.869754],[120.699939,30.867824],[120.703918,30.870946],[120.70341,30.875751],[120.700636,30.88066],[120.702568,30.884027],[120.713256,30.88505],[120.712617,30.891344],[120.7107,30.898932],[120.709814,30.907543],[120.711383,30.910741],[120.71269,30.9197],[120.709451,30.933176],[120.705501,30.940593],[120.70036,30.946198],[120.697558,30.950339],[120.68806,30.953445],[120.684444,30.955179],[120.688075,30.960343],[120.69079,30.962556],[120.694058,30.966813],[120.698196,30.970785],[120.702727,30.966942],[120.70553,30.966451],[120.707418,30.967913],[120.708609,30.97129],[120.710076,30.971898],[120.714243,30.970307],[120.7256,30.971536],[120.727589,30.971173],[120.731946,30.968702],[120.736114,30.96372],[120.740282,30.962297],[120.745945,30.962504],[120.748022,30.963668],[120.753715,30.96909],[120.755559,30.972053],[120.758463,30.974538],[120.763285,30.975961],[120.766625,30.976142],[120.769703,30.977294],[120.770197,30.979234],[120.768861,30.982132],[120.76783,30.98754],[120.76966,30.99353],[120.769921,30.996622],[120.775077,30.995056],[120.780987,31.000942],[120.802916,31.005404],[120.81433,31.005754],[120.820894,31.006362],[120.830842,31.002197],[120.840063,30.997825],[120.842547,30.993064],[120.845829,30.992482],[120.847397,30.989597],[120.849982,30.990309],[120.854368,30.993219],[120.858652,30.98983],[120.861251,30.990774],[120.865666,30.989882],[120.867336,30.990981],[120.868033,30.995367],[120.873072,30.99525],[120.875584,30.996958],[120.879941,30.997527],[120.880173,30.998898],[120.889438,31.002442],[120.891355,31.003736],[120.891617,31.010087],[120.894637,31.011716],[120.895146,31.017355],[120.900272,31.016928],[120.901361,31.017498],[120.900562,31.020433],[120.901347,31.025503],[120.901971,31.037645],[120.899735,31.039597],[120.897019,31.045584],[120.897208,31.048221],[120.895436,31.050329],[120.894565,31.053897],[120.894623,31.058654],[120.895915,31.063075],[120.898863,31.070508],[120.899618,31.078366],[120.904614,31.078521],[120.90473,31.080499],[120.901681,31.084092],[120.902116,31.085656],[120.899299,31.086935],[120.8967,31.086651],[120.895422,31.090709],[120.892169,31.094185],[120.892837,31.096537],[120.891225,31.09717],[120.891021,31.094301],[120.887478,31.094068],[120.878082,31.095761],[120.878968,31.098385],[120.876006,31.097868],[120.87663,31.099948],[120.873174,31.100323],[120.872549,31.098888],[120.869805,31.09894],[120.869572,31.097222],[120.865753,31.097622],[120.863996,31.100297],[120.85977,31.100284],[120.856807,31.10283],[120.856851,31.103889],[120.857911,31.108528],[120.86022,31.109329],[120.862253,31.112507],[120.865971,31.114742],[120.870589,31.119716],[120.871024,31.123799],[120.872346,31.127157],[120.876427,31.131485],[120.881292,31.134727],[120.899212,31.136057],[120.905398,31.13421],[120.916914,31.136187],[120.930333,31.141405],[120.952639,31.138253],[120.983905,31.131704],[120.991253,31.133177],[121.007271,31.133422],[121.018482,31.134094],[121.02281,31.138318],[121.022272,31.140462],[121.025671,31.140772],[121.026716,31.143768],[121.028372,31.143872],[121.028778,31.14125],[121.033091,31.142206],[121.036127,31.140333],[121.036257,31.137375],[121.038639,31.13691],[121.041819,31.138899],[121.044782,31.145525],[121.041543,31.146933],[121.041471,31.149826],[121.045246,31.151582],[121.045421,31.154036],[121.049124,31.154604],[121.050271,31.150717],[121.055833,31.150665],[121.057372,31.152783],[121.062557,31.153132],[121.06414,31.150846],[121.066057,31.150949],[121.065723,31.148599],[121.069121,31.148702],[121.06777,31.152292],[121.07204,31.153506],[121.073841,31.157071],[121.077035,31.158452],[121.076048,31.160544],[121.076789,31.162624],[121.073695,31.161707],[121.073129,31.163256],[121.077369,31.164535],[121.075467,31.170319],[121.072388,31.169609],[121.072534,31.172695],[121.075423,31.173444],[121.074233,31.17622],[121.071401,31.179474],[121.071227,31.181462],[121.075583,31.182856],[121.074988,31.18438],[121.069469,31.182895],[121.068758,31.184896],[121.071677,31.185955],[121.070341,31.188743],[121.070617,31.191299],[121.072563,31.191532],[121.072185,31.193171],[121.070108,31.19361],[121.0696,31.195314],[121.066797,31.194966],[121.066609,31.197186],[121.069208,31.196515],[121.067814,31.200994],[121.065621,31.211875],[121.062629,31.224664],[121.062804,31.226961],[121.064721,31.227271],[121.064648,31.230781],[121.067175,31.230923],[121.067378,31.232936],[121.064575,31.232961],[121.0626,31.23469],[121.061235,31.237826],[121.063907,31.238445],[121.063559,31.242213],[121.064343,31.246135],[121.061656,31.245245],[121.057677,31.246754],[121.060974,31.246483],[121.061947,31.257939],[121.063239,31.267911],[121.0687,31.268091],[121.072737,31.269149],[121.080419,31.270155],[121.082147,31.271535],[121.084543,31.275714],[121.081363,31.277262],[121.084703,31.287605],[121.087332,31.290662],[121.08691,31.291719],[121.090134,31.291899],[121.093082,31.288211],[121.095406,31.286999],[121.098804,31.276256],[121.105441,31.273651],[121.103829,31.275327],[121.106675,31.276707],[121.111119,31.281737],[121.114996,31.285271],[121.119295,31.285116],[121.120369,31.286148],[121.125017,31.284407],[121.124319,31.283104],[121.127209,31.281208],[121.131058,31.280112],[121.131682,31.281363],[121.138028,31.278745],[121.137607,31.277597],[121.141151,31.276733],[121.142879,31.277662],[121.142995,31.275469],[121.150387,31.275443],[121.154221,31.276733],[121.155542,31.280757],[121.159405,31.28157],[121.161293,31.283981],[121.159303,31.287657],[121.156399,31.287412],[121.151287,31.291938],[121.152725,31.294079],[121.148935,31.298876],[121.150793,31.299018],[121.146901,31.305929],[121.143779,31.309694],[121.138958,31.305632],[121.139655,31.302989],[121.133773,31.302074],[121.129954,31.302589],[121.129141,31.307528],[121.12978,31.308314],[121.127965,31.311885],[121.128633,31.314258],[121.127079,31.316939],[121.127253,31.319311],[121.131639,31.323243],[121.131537,31.325435],[121.133309,31.325577],[121.132583,31.33197],[121.131145,31.332112],[121.130114,31.334703],[121.130811,31.341508],[121.130433,31.344202],[121.123942,31.342759],[121.117973,31.343455],[121.11732,31.347128],[121.120195,31.347566],[121.117247,31.35169],[121.111845,31.350517],[121.111162,31.351535],[121.108331,31.350646],[121.108418,31.354035],[121.107358,31.354757],[121.108243,31.360453],[121.106762,31.364538],[121.106951,31.366599],[121.108897,31.366509],[121.109275,31.364705],[121.112847,31.365131],[121.113166,31.36687],[121.12021,31.368674],[121.119077,31.370555],[121.115229,31.371135],[121.113747,31.374446],[121.118206,31.375838],[121.123288,31.378479],[121.124276,31.376727],[121.131247,31.379664],[121.131769,31.378814],[121.138406,31.381146],[121.13752,31.382795],[121.141049,31.384534],[121.141427,31.383542],[121.148441,31.38541],[121.148978,31.386905],[121.14709,31.389906],[121.143823,31.392328],[121.149472,31.394492],[121.147657,31.397326],[121.152739,31.398163],[121.149588,31.399387],[121.150488,31.402208],[121.153901,31.403689],[121.153102,31.40584],[121.157895,31.407888],[121.158868,31.410116],[121.154511,31.411571],[121.155513,31.413825],[121.153494,31.413671],[121.148905,31.41586],[121.149269,31.419131],[121.146204,31.419698],[121.146248,31.421076],[121.151156,31.421797],[121.155281,31.42575],[121.161365,31.425776],[121.162004,31.427952],[121.164299,31.427218],[121.162527,31.429575],[121.162716,31.432214],[121.154976,31.432755],[121.14982,31.43488],[121.146872,31.437262],[121.14786,31.439451],[121.146887,31.441266],[121.147337,31.443931],[121.160915,31.449686],[121.16305,31.448875],[121.166056,31.450175],[121.167726,31.448321],[121.169832,31.450021],[121.174973,31.449287],[121.180825,31.451462],[121.186053,31.454359],[121.185458,31.457474],[121.186068,31.460821],[121.195042,31.467823],[121.202899,31.469355],[121.203422,31.472341],[121.20637,31.474993],[121.214371,31.479124],[121.215025,31.477528],[121.213645,31.475932],[121.219062,31.475224],[121.220732,31.476074],[121.22535,31.476022],[121.226207,31.477682],[121.23036,31.477425],[121.230839,31.481106],[121.228676,31.482135],[121.233003,31.487901],[121.235414,31.488107],[121.234746,31.492688],[121.238071,31.491903],[121.240889,31.493691],[121.24115,31.490912],[121.243793,31.487322],[121.244403,31.481183],[121.248179,31.481878],[121.245812,31.479883],[121.247075,31.477065],[121.249689,31.477618],[121.251228,31.4796],[121.253363,31.479806],[121.253625,31.483088],[121.255643,31.483628],[121.254801,31.477644],[121.261467,31.478854],[121.261728,31.480784],[121.265155,31.483126],[121.267435,31.483358],[121.267319,31.486228],[121.268873,31.487463],[121.272039,31.484336],[121.276221,31.485378],[121.276453,31.486652],[121.280331,31.488673],[121.279692,31.49041],[121.283685,31.489792],[121.285355,31.49068],[121.289378,31.48902],[121.290612,31.491697],[121.293488,31.489805],[121.2986,31.491517],[121.298556,31.493717],[121.300502,31.494528],[121.299936,31.499752],[121.302593,31.502595],[121.305875,31.503445],[121.305527,31.505336],[121.310348,31.505915],[121.311931,31.502904],[121.315344,31.50127],[121.316651,31.505774],[121.320165,31.505876],[121.321893,31.503406],[121.320034,31.502994],[121.319904,31.499726],[121.323708,31.499649],[121.323128,31.502287],[121.327208,31.504242],[121.329517,31.504255],[121.335834,31.508295],[121.343502,31.512052],[121.372212,31.553212],[121.345593,31.571689],[121.289102,31.61628],[121.179867,31.720777],[121.145333,31.753927],[121.142066,31.755313],[121.118496,31.759073],[121.101215,31.762524],[121.076861,31.776996],[121.06064,31.783064],[121.018715,31.783513],[120.959508,31.783038],[120.932903,31.786707],[120.916638,31.793659],[120.89532,31.81977],[120.883862,31.83472],[120.860336,31.873059],[120.853467,31.888654],[120.803133,31.98844],[120.790078,31.998091],[120.782047,32.015993],[120.770764,32.020612],[120.761586,32.020446],[120.741008,32.017861],[120.702495,32.013357],[120.674235,32.007548],[120.652655,32.002391],[120.641749,32.000983],[120.628389,32.001162],[120.608493,32.006243],[120.588308,32.009698],[120.524642,32.030438],[120.503803,32.041018],[120.465668,32.045827],[120.40376,32.016224],[120.387858,32.006652],[120.380525,31.998283],[120.370708,31.990821],[120.368878,31.961084],[120.371594,31.954951],[120.373525,31.946436],[120.37534,31.941724],[120.386,31.935615],[120.390313,31.932196],[120.391257,31.92861],[120.390487,31.925856],[120.381062,31.918888],[120.379349,31.914149],[120.379755,31.912189],[120.382645,31.910946],[120.385215,31.911715],[120.385143,31.909524],[120.38857,31.909217],[120.390908,31.907923],[120.39207,31.90531],[120.396412,31.908179],[120.397908,31.906155],[120.401306,31.905361],[120.402381,31.907385],[120.407739,31.905515],[120.426894,31.897866],[120.436856,31.895611],[120.449549,31.891947],[120.466496,31.889974],[120.466583,31.887783],[120.468819,31.87962],[120.471303,31.879197],[120.48459,31.874418],[120.490879,31.871329],[120.492258,31.865472],[120.496077,31.860884],[120.502061,31.852142],[120.50328,31.841707],[120.508291,31.843694],[120.514419,31.841528],[120.517396,31.837951],[120.521985,31.834182],[120.52881,31.831348],[120.531308,31.827848],[120.529319,31.821322],[120.530829,31.817039],[120.529958,31.814679],[120.523699,31.810537],[120.522537,31.806293],[120.523945,31.801291],[120.526516,31.795545],[120.531148,31.79321],[120.531555,31.787798],[120.544393,31.787143],[120.544494,31.789465],[120.546237,31.791928],[120.548923,31.792056],[120.555487,31.79407],[120.555851,31.786874],[120.558377,31.785707],[120.570707,31.793775],[120.580741,31.784796],[120.584241,31.782141],[120.588743,31.771608],[120.589411,31.766181],[120.588525,31.762563],[120.594842,31.760433],[120.59766,31.755031],[120.600027,31.744624],[120.598749,31.742802],[120.594828,31.741146],[120.593332,31.738169],[120.58944,31.734934],[120.585606,31.735409],[120.584357,31.734472],[120.581714,31.727631],[120.582455,31.721175],[120.584575,31.717927],[120.585098,31.714435],[120.589847,31.714114],[120.590834,31.712997],[120.596788,31.710828],[120.599083,31.710712],[120.600811,31.708851],[120.60023,31.706874],[120.595728,31.705603],[120.592809,31.700814],[120.587204,31.69623],[120.584924,31.692815],[120.578113,31.693701],[120.578374,31.689951],[120.575586,31.691826],[120.576835,31.689463],[120.572406,31.689694],[120.570053,31.688911],[120.568049,31.6852],[120.566234,31.685393],[120.566089,31.68312],[120.562865,31.680513],[120.564172,31.678907],[120.566626,31.678676],[120.566379,31.676146],[120.568761,31.668594],[120.568615,31.665178],[120.5668,31.659925],[120.558581,31.658512],[120.561064,31.655686],[120.571738,31.655776],[120.583428,31.65196],[120.586637,31.651819],[120.592127,31.650278],[120.594421,31.645409],[120.595859,31.643764],[120.589585,31.636531],[120.595569,31.631392],[120.592098,31.625044],[120.600608,31.617115],[120.596266,31.613299],[120.591488,31.611499],[120.584474,31.61344],[120.577082,31.61416],[120.570024,31.609443],[120.567134,31.609173],[120.56834,31.606179],[120.566466,31.601924],[120.557056,31.600305],[120.553106,31.605613],[120.546251,31.604688],[120.543086,31.601745],[120.54509,31.585716],[120.547776,31.583286],[120.546847,31.579686],[120.547994,31.576601],[120.550216,31.575019],[120.553062,31.575084],[120.56362,31.579596],[120.568252,31.576292],[120.57303,31.577475],[120.56741,31.583993],[120.570431,31.585664],[120.573829,31.585947],[120.584256,31.585137],[120.587044,31.583389],[120.594567,31.576009],[120.595961,31.571497],[120.597544,31.563859],[120.599272,31.548467],[120.605022,31.546075],[120.602815,31.541175],[120.602917,31.538268],[120.605124,31.535683],[120.604195,31.532094],[120.605763,31.525238],[120.60235,31.518986],[120.600027,31.518613],[120.598575,31.516169],[120.595641,31.517147],[120.593986,31.525495],[120.592766,31.527553],[120.589832,31.526962],[120.585781,31.524531],[120.576922,31.517507],[120.568543,31.512374],[120.559859,31.508964],[120.555197,31.507575],[120.551625,31.50064],[120.548502,31.497397],[120.548038,31.495081],[120.549083,31.489175],[120.553004,31.48673],[120.555241,31.480295],[120.554108,31.476241],[120.550724,31.475906],[120.546368,31.473126],[120.543565,31.470269],[120.537306,31.468364],[120.536159,31.467103],[120.531105,31.466613],[120.526022,31.468338],[120.523844,31.468364],[120.516002,31.464425],[120.515973,31.460229],[120.517367,31.457822],[120.513853,31.456187],[120.512357,31.457088],[120.508537,31.455646],[120.505038,31.457963],[120.501407,31.457551],[120.495424,31.451089],[120.495758,31.447935],[120.48703,31.448617],[120.484794,31.447484],[120.485418,31.449905],[120.480553,31.449132],[120.474439,31.44657],[120.460179,31.445489],[120.438178,31.448772],[120.43173,31.448643],[120.437481,31.443043],[120.434997,31.442605],[120.430539,31.44639],[120.426589,31.445437],[120.422639,31.448991],[120.41882,31.448386],[120.355823,31.416452],[120.33555,31.40736],[120.308146,31.393268],[120.253122,31.366097],[120.209614,31.345659]]]}},{"type":"Feature","properties":{"id":"singapore","name":"Singapore","source":"https://data.gov.sg/datasets/d_2cc750190544007400b2cfd5d7f53209/view","sourceSha256":"e6ecc1743de5c39ec154a30b3b8037896fbc6c5f863e10c7dbfd77de12706c9c","accessed":"2026-10-10","coordinateSystem":"WGS84","components":47,"description":"Dissolved URA Master Plan 2025 planning areas, no sea; an indicative planning footprint, not a territorial-water boundary.","license":"https://data.gov.sg/open-data-licence"},"geometry":{"type":"MultiPolygon","coordinates":[[[[103.74129985127892,1.159780169338377],[103.74130389714395,1.159976941116644],[103.74134282930031,1.1599682514469214],[103.74129985127892,1.159780169338377]]],[[[103.74107127304977,1.1600762779421674],[103.74089325417944,1.1597886479866177],[103.74086951966363,1.1593954385335827],[103.74106207225107,1.1592496974598605],[103.74118211615958,1.15938105130607],[103.74067525135533,1.1586987006322145],[103.74039599149661,1.159192709613632],[103.74038225603422,1.1596654304643785],[103.74063739120608,1.1602793749085238],[103.74122622925188,1.1611439034917017],[103.7413187586115,1.1610789821913128],[103.74137977561072,1.160243070964838],[103.74131394454496,1.1604649094421975],[103.74110266304801,1.1604614478444584],[103.74099923977826,1.1603769849371623],[103.74107127304977,1.1600762779421674]]],[[[103.74226324401882,1.1638199973435956],[103.74190283563048,1.1649936247279717],[103.74188582277215,1.1651263568550292],[103.74200103460288,1.1652087220015848],[103.74224681833391,1.164667350245151],[103.74258107973654,1.164324471264332],[103.7425501793366,1.1640760413112712],[103.74241128776869,1.1638764525877339],[103.74226324401882,1.1638199973435956]]],[[[103.73460272790396,1.1749268152519652],[103.73491541022175,1.1747935592288434],[103.7352054359545,1.1748389776271457],[103.73530496150303,1.1751389497466413],[103.73625919274133,1.175529713901346],[103.73673996153616,1.175575237389894],[103.73675449820865,1.174822120331956],[103.73647932813256,1.1744151558274316],[103.73660102672214,1.173992297377996],[103.73654806296922,1.174430451024963],[103.7368155083172,1.1747682313808252],[103.73685451164722,1.1755982131346514],[103.73765593170918,1.1757970653966916],[103.73827680516057,1.1755427432965884],[103.73864322256843,1.175295167979901],[103.73927035944747,1.175277861684063],[103.73944576166483,1.1751078651967686],[103.7395071177859,1.1751847382486489],[103.73985827027107,1.174914109992587],[103.73995607416542,1.1743130084587996],[103.74014537539178,1.1744356565849967],[103.74023223615865,1.1746280178188542],[103.74146281422584,1.1743778030624323],[103.74151540635523,1.1740156339520451],[103.7414230654041,1.1738003116605313],[103.74139980937922,1.1733359459487929],[103.7409914683017,1.1727637672286213],[103.74069163251306,1.172672516829007],[103.74049505664098,1.1724549563554456],[103.74045215751549,1.1720519158489702],[103.74026316923205,1.171979840729803],[103.73990415995777,1.1721095507402912],[103.73941524282708,1.1725861072185466],[103.73915804291772,1.1727060534227223],[103.73876625966413,1.1724645386509809],[103.73856794166636,1.17222338312689],[103.7390795857797,1.1724383317589964],[103.73955988422325,1.1722947077831491],[103.7397890158965,1.1718743126309785],[103.73983218325209,1.1715013632182518],[103.73958586680378,1.1701936249237153],[103.73952498041709,1.170043933372409],[103.73919915382781,1.169878695001646],[103.7395966955625,1.1685131903819663],[103.73966812808948,1.1673731147310478],[103.73963166194146,1.1672541090892774],[103.73871668709667,1.166871675881661],[103.73844268453335,1.1665189554087922],[103.73804916289572,1.1664310287576596],[103.73771257938017,1.1666029007751302],[103.73697717077502,1.1667538591683255],[103.73672344753572,1.1666393488325253],[103.73589041211314,1.16719253771077],[103.73562363699288,1.167503142291842],[103.73524079162725,1.167613433294182],[103.73507152680342,1.167513947264854],[103.73477776823587,1.1670905044791982],[103.73443221710252,1.1670151496778158],[103.73378134645293,1.1672119614682477],[103.73356020835132,1.167452758671348],[103.73333258528578,1.1679098795663236],[103.73317201951883,1.1679957793785738],[103.73284078300057,1.1686349179056572],[103.73267310704298,1.1688304173367365],[103.73232781729087,1.168980050018501],[103.73231476045895,1.1692771151253425],[103.73204646478399,1.1693791990793903],[103.7319478839432,1.1695585038017173],[103.7320506440887,1.169844738827426],[103.73200677012323,1.1701011968525687],[103.73184735771062,1.170366423004291],[103.73137605673033,1.171907162119412],[103.73110900317508,1.1721888346504818],[103.7305102342475,1.1724115122761403],[103.7303742712949,1.172707578001333],[103.73008030483874,1.172570537840923],[103.7296970143762,1.1725446406843072],[103.72930354988408,1.172843753491876],[103.72878199086598,1.1727708159555537],[103.72856570561626,1.1729627853342808],[103.72829679164786,1.1730075240319169],[103.72814087054138,1.173362272153454],[103.72826633629677,1.1738682595898975],[103.7283587920232,1.173869167448476],[103.72874060447903,1.174261041928094],[103.72936423835007,1.1751753874568989],[103.72953242334455,1.1753245143588247],[103.72970178968737,1.1753571772785993],[103.73012363837533,1.175052729754496],[103.73067396609312,1.1759128909478211],[103.73138857558715,1.176296385816542],[103.73154411045931,1.1761808318710025],[103.73162762215219,1.1757964982293743],[103.73169634855641,1.175796419355455],[103.73179595129317,1.1761881754972274],[103.73200969259625,1.1762801571569712],[103.73231482663448,1.1762029717586142],[103.73284158424084,1.1764021499924597],[103.7331390717521,1.1763326332344104],[103.7335127669424,1.1761016178161363],[103.73358888395286,1.175963252820961],[103.73397818442542,1.1760319360777294],[103.73452746062641,1.1756625762407689],[103.73465651668867,1.1752856508347485],[103.73460272790396,1.1749268152519652]]],[[[103.7286901386754,1.1919275311313495],[103.72924304065695,1.1920133944531779],[103.72957601401981,1.1914085865048194],[103.72948978808637,1.1913081807379693],[103.7290339380807,1.1913510754848677],[103.72863419763142,1.1912136963746074],[103.72842266151399,1.1909944885249082],[103.72797297074416,1.190921127340109],[103.72770520503421,1.190495649934436],[103.72780021636484,1.190409802319848],[103.72800459436453,1.1907611194308085],[103.72848146510975,1.1908535727735472],[103.72900515508356,1.191213936624627],[103.72948695838932,1.1910521551657285],[103.7301664529703,1.191080813014587],[103.73032151524288,1.1908928648643444],[103.73077752609991,1.1898988682633698],[103.73136837608992,1.1891309585535148],[103.7314171257327,1.1887307882821667],[103.73162269535142,1.1887186150293398],[103.73167141739201,1.188580555701355],[103.73148428652024,1.188309329959089],[103.73130858770885,1.1882003746874832],[103.7312046936818,1.1881950983813627],[103.73108948252779,1.1883241920713106],[103.73093465909322,1.1881318190080978],[103.73090666056423,1.1879174384490523],[103.73098726906011,1.1876010315788534],[103.73116250018009,1.1879415583283994],[103.73172929745745,1.18788887301857],[103.73178507715036,1.1871376107407452],[103.73154263299797,1.1866579541579383],[103.73101439305161,1.1866502926683455],[103.7306469271703,1.1867639394478684],[103.73048424786535,1.1868972637666488],[103.73002431096117,1.1866826327742617],[103.72991555466248,1.1867156280261077],[103.72967343605164,1.185948447747577],[103.72930745584208,1.1859795341061115],[103.72938615996458,1.1863520437455148],[103.72932080560763,1.1865148638880663],[103.72865873920632,1.187547324076658],[103.72851344744724,1.1876382252104423],[103.72853006327952,1.1878112939934469],[103.72832559029762,1.1882892244927155],[103.72838269207818,1.1880049307949476],[103.72830965585877,1.1876794745128434],[103.72857766928563,1.1874881394020564],[103.7288680809089,1.186858125235173],[103.72919639025706,1.1864972512092093],[103.72915716903255,1.1862964537664615],[103.72889357281666,1.1858645827899297],[103.72830661696912,1.187016638853931],[103.72790820002477,1.1870623301556715],[103.72759942160813,1.187248544932295],[103.72745285615882,1.1872816028364164],[103.727298193646,1.1871189017839694],[103.72721373288176,1.1871521248572487],[103.72666770196172,1.1869245928611896],[103.7272996507555,1.1870787119030817],[103.72752027327908,1.1872220621063436],[103.72783634805151,1.1870228790386252],[103.72829322288167,1.1869470294409206],[103.72852800614719,1.186367594264461],[103.72870155157192,1.1861505806290777],[103.72864612957932,1.1859939960207118],[103.72873143214991,1.1857704413723358],[103.72849529582852,1.1855382007342488],[103.72852355082695,1.1851394405618763],[103.72867464401013,1.1846437100996525],[103.7285514487013,1.1842012353420928],[103.72857496524644,1.1838903348579426],[103.72866550817136,1.1838730730844809],[103.72838910292478,1.1833517428026752],[103.72754968820735,1.1834898251937815],[103.72698385684787,1.1834474701372808],[103.72648093622352,1.183236878566716],[103.72582910831758,1.1827488131883765],[103.72544322536847,1.1825810114667206],[103.72512161590303,1.1827878178676505],[103.72507613529545,1.1829769276351396],[103.72486449610709,1.1831206589277758],[103.7248741147535,1.183232176427979],[103.72471803038927,1.183135873606926],[103.72436515734596,1.183228005325737],[103.72406564789789,1.182823371994492],[103.72199195198299,1.1817732321301377],[103.72206229948746,1.181455124965322],[103.72119469613094,1.181220606395735],[103.72104559280784,1.1813626125951708],[103.72089514156991,1.1817316954525705],[103.72074897339071,1.1817230437758734],[103.72071387716052,1.1815170373009096],[103.72003590950307,1.1809009840438596],[103.71938694670521,1.1800423724210092],[103.7190852727261,1.180083372867539],[103.71923375727549,1.1807942722683622],[103.71942984519828,1.1808280764369454],[103.71935500265322,1.1812015213452591],[103.71918591752473,1.1813193077475261],[103.7191954963609,1.18152007690966],[103.71909149398212,1.181733402986166],[103.7189521314247,1.182967762457635],[103.71887422836288,1.1832551126799338],[103.71868772666066,1.1832373341813895],[103.71846122362345,1.183633327561905],[103.71841480445862,1.1843693601679144],[103.7180389210938,1.1853148386733374],[103.71806940629541,1.185557616398955],[103.71789380652409,1.185896085254283],[103.71788730219687,1.1860925118812315],[103.71718925544354,1.1864869939765144],[103.71717142693304,1.1867545492277023],[103.71738512803135,1.1871692180593991],[103.71781261170197,1.1871224895052126],[103.71797201348865,1.1871704365240412],[103.71816936157673,1.1873768748705482],[103.71864001676549,1.187370980022527],[103.71888920523315,1.1872240123120181],[103.71913910784147,1.1871901099734055],[103.72129400339489,1.1875923692920176],[103.72177546182476,1.1872843444743808],[103.72213582103659,1.1867162738773103],[103.72234147758836,1.1867729948483576],[103.72260518094427,1.1869709616951618],[103.72225846583643,1.1876453318393745],[103.7220822633318,1.1882349880307836],[103.72300317451855,1.1894437527444224],[103.72301412959267,1.1896124170482298],[103.7231629546612,1.1896996851030166],[103.72306531323399,1.1899456229339844],[103.72331536296208,1.190513058011764],[103.72376673062129,1.1911190270377152],[103.72405025388568,1.1913587228351634],[103.72445580515401,1.191553465725256],[103.72469479996144,1.1915273300597986],[103.72485892853865,1.1917987361805227],[103.72519004098244,1.1919336080329377],[103.72569132020529,1.191874880314987],[103.72626685926036,1.192093867493956],[103.72668738268598,1.1919837776032385],[103.7268619616395,1.19224186274923],[103.7277694272224,1.192228332454835],[103.7286901386754,1.1919275311313495]]],[[[103.73686443016406,1.1906613597866005],[103.73734958834731,1.190932704199095],[103.73786170467378,1.1910955257581268],[103.73794258673915,1.1908784992337025],[103.73783479354016,1.1905981515906234],[103.73761917707313,1.1903901312362715],[103.73741257429506,1.1898746544567045],[103.73720594141317,1.1897118526042831],[103.73717900177985,1.1895219442040699],[103.73704424971207,1.1893772411908452],[103.7369903658128,1.1891059390582823],[103.73681069290676,1.1888074925306444],[103.73603801835478,1.188671774426584],[103.73555281905335,1.1888435502117922],[103.73553483358243,1.1890244133755232],[103.73617271157848,1.189494723543236],[103.73612775568486,1.1898293186364135],[103.73633437252086,1.190218193541623],[103.73686443016406,1.1906613597866005]]],[[[103.72294781711594,1.191488589573416],[103.7232546958318,1.1913959769825824],[103.72356078909739,1.1910116617534028],[103.72328315056846,1.1905368595753565],[103.72305714270026,1.190476429937473],[103.72268835697308,1.1907726032773882],[103.72266848291551,1.1909752613714129],[103.72279851074073,1.1910762117165166],[103.72294781711594,1.191488589573416]]],[[[103.72491828907494,1.212624763905221],[103.72355880280973,1.2130548693802081],[103.72333698250492,1.2124922285063213],[103.7232622057252,1.2121088837484464],[103.72331110878675,1.2119610403645922],[103.72421830201792,1.2106057073166092],[103.72455933380466,1.2103493791911137],[103.7253139735792,1.2099748491854718],[103.72590111100189,1.2098883159860911],[103.72704277704976,1.2101512779010635],[103.72742751385258,1.2105473320719797],[103.72820548812783,1.2108859835095307],[103.72846973943284,1.2111325785740343],[103.72861696403952,1.2113762723901558],[103.728054171986,1.2116375591532358],[103.72809892122989,1.2116922468824687],[103.72906728281288,1.2112324607330043],[103.72943669092416,1.2109341705698258],[103.7297364982656,1.2104484301598017],[103.7302384354644,1.2087581117802935],[103.73063006723498,1.2079007715763843],[103.73033798124202,1.208292051610863],[103.7300004671742,1.2093989539679082],[103.7296212966884,1.2095870995667304],[103.72936889671216,1.2095550220069398],[103.72919866109821,1.2096443403680706],[103.72905476276904,1.2094488194660222],[103.72876931039069,1.2093160658780127],[103.72858806203823,1.2093264309951428],[103.7283987159457,1.2091351787042341],[103.72805945573425,1.2091549611074703],[103.72779938165121,1.2088897200079194],[103.72757349067638,1.208460436757096],[103.7280227150891,1.2077206538999554],[103.73554945475924,1.2077041745094248],[103.73583191125516,1.2075223198083145],[103.73710380424295,1.2057449570237786],[103.73840167556041,1.2057450028801364],[103.73840169567977,1.2051640393128091],[103.73714524242057,1.2051639949508333],[103.73710995910876,1.2040530338494342],[103.73666752550261,1.203479428737995],[103.73608649552199,1.2032973730124612],[103.73331187542438,1.2032972747660784],[103.73086275273991,1.2031523412538536],[103.72928150967918,1.2028941981565677],[103.72919343564718,1.2029715775831546],[103.72689745320776,1.202501791659174],[103.72639629159076,1.2024669177633749],[103.72580010985853,1.2025464420413288],[103.72471321475986,1.2030362555473666],[103.72318553323076,1.203261715113919],[103.72137891660466,1.2032335796012112],[103.72032645995542,1.203125411111945],[103.7177034365408,1.2025432963936233],[103.71638634478317,1.2025879245309312],[103.71077529095088,1.2036485764466467],[103.70778465267774,1.204070406407797],[103.70749892348867,1.204154381367637],[103.70710632040762,1.204719635354976],[103.70710807132565,1.205155158692407],[103.70745743205921,1.205701409469406],[103.7089132185929,1.2068361190553283],[103.71067316493931,1.2077140378840527],[103.71172860337447,1.2087017680016316],[103.71208238145165,1.2091311666181142],[103.71282809430396,1.2103123800484932],[103.71344151727881,1.2109359750372932],[103.71427732873327,1.2114159939696885],[103.71691379337052,1.2119705112346089],[103.71922121334534,1.212558464490884],[103.72112477213552,1.2133270637648097],[103.72191218688364,1.2134907320807344],[103.72403689622811,1.2129729263688633],[103.72491828907494,1.212624763905221]]],[[[103.70658294556985,1.2167480664709855],[103.70625946899393,1.2169922020750812],[103.7062774107311,1.2172182846678437],[103.70646608978244,1.2172183026508085],[103.70696030150884,1.216793320532096],[103.70736464009532,1.2166396249527278],[103.707544360317,1.216458787883605],[103.70755335048432,1.216350264722216],[103.70731077591049,1.2162145898121155],[103.70679862677561,1.2163230531031972],[103.7065470189945,1.2166214539303088],[103.70658294556985,1.2167480664709855]]],[[[103.75395718932094,1.2246335495200655],[103.75327799794013,1.2252869695787068],[103.7530524865337,1.225056918702486],[103.75282807977345,1.224484584897258],[103.75285038529947,1.224038905734522],[103.75297293375426,1.2237512311047898],[103.7538966828985,1.2240298392230808],[103.7519059639434,1.2233774791711474],[103.75126955229231,1.223393087076062],[103.75162441179505,1.22343012355812],[103.75220890519408,1.223777009477527],[103.75224527380364,1.2238901284862838],[103.75225217653889,1.2244179148682601],[103.7519423264199,1.2248853722880835],[103.75155389712361,1.2260944232369049],[103.75123932073886,1.2265234982737696],[103.75093061197029,1.2267048852281772],[103.75059915476525,1.2270517900106566],[103.74923534399748,1.227713533900607],[103.75045492072609,1.2271742274084645],[103.7522698865886,1.2262028775383869],[103.75277499069094,1.2258428120495375],[103.75381191065017,1.2248451302938381],[103.75395718932094,1.2246335495200655]]],[[[103.74712397703996,1.2282635268092688],[103.74703230664839,1.2275305383956678],[103.74727101975841,1.2265761786456526],[103.74754328959081,1.2262728455705552],[103.74923774161654,1.2260326109805553],[103.74974504487167,1.2260445546290561],[103.75018554248082,1.225790966577996],[103.75027069254246,1.225581907326814],[103.75014144057455,1.2252932754028112],[103.74948236192692,1.2246324176048013],[103.74935992591269,1.224181108804197],[103.7494777014321,1.2239634229686112],[103.75017886711436,1.2234381087160133],[103.75040038637718,1.2234809282257868],[103.74924188897143,1.222982831352997],[103.74895408665182,1.2229233150888417],[103.74864953238416,1.2229785168801246],[103.74691669123963,1.2242596199413438],[103.7473010582981,1.2240081286666822],[103.74773599679155,1.2239479481836266],[103.74799419448738,1.224245166755485],[103.74803839429619,1.2244754374147195],[103.74801613618469,1.2248171145858473],[103.7478536357225,1.2251810346185859],[103.74735299660978,1.2255468429003542],[103.74697331892904,1.225566609054852],[103.74673117744659,1.224999275383258],[103.7471704863295,1.2262377803607658],[103.74721845571419,1.2265698463939858],[103.74709823382459,1.2271616313544396],[103.74680474937277,1.2277581857090145],[103.74681936056784,1.2280260136633916],[103.74707169144443,1.228287093748741],[103.74738063728223,1.2283200416177087],[103.7484210077209,1.2279777542065249],[103.74760486579848,1.228225578068262],[103.74712397703996,1.2282635268092688]]],[[[103.64799193462461,1.2396124885060864],[103.64824644560053,1.2396649231539825],[103.64820410255915,1.239734094708108],[103.64807034216636,1.239702405545712],[103.64810909253308,1.2398846007346962],[103.64860734345913,1.2398287915071184],[103.64878618499706,1.2396830383273212],[103.64872230971685,1.239416745799911],[103.64829808290803,1.2392852852979879],[103.64772230083183,1.2393255973204202],[103.64765977171926,1.2394582716319376],[103.64784515931117,1.2395144635770066],[103.64794852386096,1.239659792543998],[103.64783004258413,1.2398248571082033],[103.6477253342763,1.239750845907313],[103.64772909892358,1.2398820146129834],[103.64809763472675,1.239895877303035],[103.64799193462461,1.2396124885060864]]],[[[103.64767359888448,1.2397313352022041],[103.64758829910643,1.2396501257528927],[103.64758312570608,1.239491447208003],[103.64749707514716,1.2396111413766209],[103.64767359888448,1.2397313352022041]]],[[[103.71258057294848,1.2915892539553735],[103.71741545851282,1.290672104613269],[103.71759235058268,1.2908483721673052],[103.71785040629993,1.291913830322611],[103.71793763495977,1.2919899075189023],[103.71815755435269,1.2919934074978479],[103.71965812762566,1.291608352492504],[103.71979239295482,1.2914655125755337],[103.71978709563697,1.291333309829524],[103.71887315268103,1.289986932449908],[103.72019919009952,1.2911375282840643],[103.72064086934711,1.291320115421863],[103.72100053152431,1.2913430443854772],[103.7217450714458,1.2911256350253708],[103.7245604134114,1.2895644877294312],[103.72532478445876,1.2884892325609631],[103.72589857171751,1.2872282118991423],[103.72625088252256,1.2858925644987824],[103.72645609030096,1.284173657915888],[103.7268490076989,1.2838416835378463],[103.72712467049803,1.2833965764752935],[103.7284304524159,1.2820714217946736],[103.72918981540397,1.2809540848393088],[103.72957480519915,1.2806635457621034],[103.72985817470847,1.2809380867650906],[103.73014707216943,1.2807161496062867],[103.73036339505133,1.280937492276976],[103.7305395247128,1.2807730680256675],[103.73031894203861,1.280547367069718],[103.73052013181619,1.2803615366426082],[103.73071357856537,1.2805676479754935],[103.73089137800869,1.280394452341291],[103.7306902226451,1.2801899857482049],[103.73085697960254,1.2800254435233571],[103.73066967838734,1.2798314138422326],[103.73090704336381,1.279413860679566],[103.73087504951022,1.2793375853768085],[103.73124141533071,1.2796504284527943],[103.73138369505857,1.2795119399195163],[103.7315894873941,1.2797261918574316],[103.73185260691098,1.2794700865973008],[103.73164754238721,1.279255780447286],[103.7318421368899,1.279065455852732],[103.73169206052641,1.278909212033805],[103.73195003998283,1.278661643741413],[103.73337811557279,1.27850523615464],[103.7337785294919,1.278547431327874],[103.73541247496003,1.2782467665265214],[103.73585742868117,1.2780440695467816],[103.74008267950362,1.2737522083083368],[103.74018903380416,1.2733977015736162],[103.73998594773751,1.2728535023158272],[103.7397162135284,1.2724685771629844],[103.73848080381141,1.2714054973711955],[103.73715209898403,1.2706235892867697],[103.73606794849344,1.2703295759742215],[103.73476286412684,1.270109684442571],[103.73285456650478,1.2692250072165698],[103.73161388120687,1.270400281080609],[103.73191805419859,1.2701078644330583],[103.73168784087767,1.2701115180044298],[103.73158863067155,1.2701923551364298],[103.73066479592728,1.2701642559672164],[103.73024192814528,1.2703940106718474],[103.7271266232125,1.2712889955107098],[103.72645983563699,1.2716023297501269],[103.72622661615853,1.2715082119658756],[103.72609833204471,1.2716071882777784],[103.72596144644208,1.271484291321334],[103.72608981446453,1.2712898024864465],[103.7300547321664,1.2701240488246701],[103.7312647513119,1.2696294754396094],[103.73197305733379,1.2692458552610095],[103.73261778519895,1.268642235980669],[103.73368764290694,1.2665500757537291],[103.73371066368784,1.2662574100920845],[103.73355026715335,1.2660122001464482],[103.72916975449331,1.2625798440979434],[103.72327519756246,1.2598812642042518],[103.72281141195432,1.259940172766348],[103.72216356597384,1.2603006749133592],[103.72152120085086,1.260914028971141],[103.72068568911436,1.2609870734193265],[103.71963907441622,1.261363350376733],[103.71775239544603,1.2629737847978975],[103.71080025501787,1.2667398729288197],[103.71068607678083,1.2669896254101352],[103.7107025609323,1.2682185478245198],[103.71018943575899,1.2692763665684772],[103.7089647926225,1.267100918742736],[103.70873897819015,1.2669507501228232],[103.70853536791773,1.2669585964616932],[103.70828298121026,1.2670905678370665],[103.70612263551523,1.2683529723405864],[103.70573126784784,1.2677574879445672],[103.70538731686891,1.266793195872039],[103.70480971112852,1.2655942832470435],[103.70963310500647,1.262831759218539],[103.71046072379909,1.2621296110850238],[103.71382999748099,1.2602170171307516],[103.71403570681672,1.2600181933459702],[103.7141895239987,1.259667090491846],[103.71418410530927,1.2592837035838322],[103.71407941189136,1.2590162514599839],[103.71373387073133,1.2586861068213597],[103.70728859988078,1.2550807711506817],[103.70612957784896,1.2545250705101656],[103.69640685719313,1.2509261488739762],[103.69412390480585,1.2502571298610086],[103.6904099578406,1.2633937931707642],[103.6849702912116,1.2683996119861356],[103.6801279824076,1.2630605539214577],[103.68591289597299,1.257732949094819],[103.69038277783574,1.2419958849650383],[103.69051404752315,1.2409224320390728],[103.69039059468092,1.240026437334072],[103.6901415689638,1.2393497518176857],[103.68976914713258,1.238733111035258],[103.68807082694507,1.2369423922659917],[103.68798457093835,1.2370221947745799],[103.68781922322128,1.2368939018612113],[103.68768478533737,1.2369172360307652],[103.68700325645213,1.2375955061830066],[103.68254376710159,1.2330900755089254],[103.68294385114116,1.232119220308089],[103.68292972769757,1.2319363846109281],[103.68281222747441,1.2317934254101388],[103.68287107613419,1.2317098295179734],[103.67441183361754,1.2231546975663437],[103.67387184054684,1.2227712602344036],[103.67339551879368,1.2226207097406812],[103.67290193885175,1.222599291949323],[103.67242076854632,1.2227098754579366],[103.67184830663646,1.2230419767544938],[103.67135351743156,1.2236920562026152],[103.66980026246017,1.2269642944015526],[103.66963266516824,1.2278173141199389],[103.66965784246347,1.2283791964339301],[103.66982162024225,1.2284424847050526],[103.66996602767803,1.2283303346674135],[103.67014912013744,1.227101724543479],[103.67176254596392,1.2237347569520711],[103.67194349671654,1.2236050743036109],[103.67215912299886,1.2235799732239194],[103.67241311867659,1.2237039503375435],[103.67594159887405,1.2272812387731253],[103.67611162069333,1.2275733613427324],[103.67611802314383,1.2279490273174005],[103.67656845931461,1.2283998964329024],[103.67667351123096,1.2287546657197486],[103.67653729421478,1.2290477939242748],[103.67647726054005,1.2290194675711112],[103.67494363772715,1.2322560277277879],[103.67449453574879,1.2322578086362341],[103.67385286448247,1.232739192563032],[103.67314951381579,1.2342184724118834],[103.67291245105726,1.2344925528803945],[103.6726521484491,1.2345954606582412],[103.66942775730003,1.2346044545227097],[103.66906642223631,1.2346814366563712],[103.66880350386776,1.2348583052673687],[103.66861677468577,1.2351193466204262],[103.66504775899752,1.2426392910387256],[103.66301720372789,1.2449752425671967],[103.65372512550712,1.2680144058537466],[103.65372635981741,1.2729107233517272],[103.65876139864147,1.2768517717684043],[103.66080312507522,1.2739998059434623],[103.67635115611301,1.2849371039788033],[103.68356490980472,1.2892649579973434],[103.68527890448738,1.2899672497239283],[103.68800013038337,1.2907237779350753],[103.6886456820717,1.2908183804901496],[103.69103251436172,1.290686180722598],[103.69114906316629,1.2912969454909797],[103.6912112263819,1.2912883204706493],[103.69143573398892,1.2906650657390883],[103.69275385619122,1.2906875594432583],[103.69634775682373,1.2912175882845451],[103.69676202976875,1.291057018582157],[103.69691787108522,1.290660631443931],[103.69671971648837,1.29026870358738],[103.69164096065418,1.2848003586101864],[103.69101520603304,1.2825584632880156],[103.68722900708362,1.2788605448723587],[103.68422589097092,1.2765318463351398],[103.68805919952736,1.272751552476713],[103.69209143767726,1.2770702385905217],[103.69225623415548,1.2770884054824736],[103.69336796147509,1.2759986160732946],[103.69444804707953,1.2767486617319062],[103.69481840191587,1.2769054087306795],[103.69564291244863,1.2768850101942482],[103.69572305682016,1.2769431478285567],[103.69571202396565,1.277090523930296],[103.6954674327197,1.2771299789207171],[103.69537881703252,1.2776266426912515],[103.69589578731471,1.2776563481276],[103.69600245028305,1.2772384227028695],[103.69647858105992,1.277542868391882],[103.69530664396568,1.278873371882548],[103.69605460117423,1.2801992626022598],[103.69633214188781,1.2809067448258842],[103.69572125345059,1.2813962495389302],[103.69630365354642,1.2821798014886354],[103.69797341207733,1.283553038552556],[103.70350505414625,1.2903484542298325],[103.70402597272133,1.290894082857682],[103.70476039640434,1.2910250177728506],[103.70530367536051,1.2918439095142344],[103.70641195676585,1.2924629564659582],[103.70799993070759,1.292443041270171],[103.7083719399565,1.2925139065855882],[103.70849521410713,1.2927199337437],[103.70869990659844,1.2927093311659796],[103.71063237579072,1.291865647269121],[103.71184791893853,1.291602785165405],[103.71144724358648,1.2922854449215255],[103.71128862926238,1.2931596187495717],[103.71143910395931,1.306694591080265],[103.71139076127027,1.3072359130962417],[103.71119594599269,1.307827221107922],[103.71081166984533,1.3084115372049945],[103.71007961342673,1.3079936792509237],[103.70981576020428,1.3079519099652075],[103.70982769556834,1.3077501011303585],[103.70847454527373,1.3077110295088246],[103.70838926699257,1.3076204478996698],[103.70846899189101,1.305389001395337],[103.70827561347893,1.3053687041588105],[103.70826544790872,1.3052663279952712],[103.70782380660656,1.3048551283615357],[103.7076056043394,1.3041250797471968],[103.70746872494887,1.3031226864206793],[103.70734258926352,1.302903335974514],[103.70774581900854,1.3029194719755104],[103.70777999710378,1.3020624635143894],[103.70240932448927,1.301837273665343],[103.70230943820914,1.3040057667028087],[103.70165938752983,1.3043146699906518],[103.70137152293414,1.3041383837415197],[103.70009909392539,1.3048192142880957],[103.69998403531035,1.3048196060728012],[103.70000191997569,1.304921238358208],[103.69970899993221,1.3049891864479728],[103.69948008967731,1.3049344060204031],[103.69932152808245,1.3050188468744293],[103.6989521665325,1.3052997581377905],[103.6989439841327,1.3055753349661712],[103.69817267517209,1.3063858732256248],[103.69806908174637,1.306406421056118],[103.69728357684956,1.307554312436104],[103.69692809525546,1.3077885580966382],[103.69533185335462,1.3077838598531948],[103.69525533034964,1.3079520108992688],[103.69578902975407,1.306706552866142],[103.69631517669329,1.306880846961422],[103.69688446925859,1.3065202546869001],[103.69682801978199,1.3064906473054014],[103.69710631919196,1.3062342324163057],[103.69742069103725,1.30576927714662],[103.69796688398186,1.3053310591996976],[103.69806195006062,1.3049931584436334],[103.69869436234738,1.3038482021399487],[103.69923857654231,1.3035707015749816],[103.69937951506009,1.3033642830042715],[103.69955323465592,1.3026556882582558],[103.69941734400285,1.3022873930131225],[103.69947713812525,1.301646515338864],[103.69938851602143,1.3005673947476781],[103.69941007929647,1.2995262641548644],[103.69617859540494,1.2996178100779818],[103.69619764085446,1.3000851674156837],[103.69591892256884,1.3002735479924996],[103.69574557062215,1.3005009765350615],[103.69561279612417,1.3004927883880584],[103.69529303218343,1.303161936008119],[103.69492101793604,1.303987734641935],[103.69436886628347,1.30490670684345],[103.69447687640914,1.3054685658839331],[103.69466945591668,1.305896792032014],[103.69557447498774,1.3066285434193243],[103.69506089085877,1.307864435266457],[103.69402734346463,1.3066149463978431],[103.69397082881657,1.306219592322849],[103.69378897119532,1.3059153782833375],[103.69354844309677,1.3050916890563602],[103.69352655017504,1.304292172081722],[103.69373889800994,1.3034210852092112],[103.69366382096237,1.3018569958440567],[103.69377975492031,1.3016218591161746],[103.6937505268279,1.3009405653480774],[103.69254053017497,1.3003129608690494],[103.69097386444294,1.2998889256360797],[103.68961358833265,1.2998905754298777],[103.68903813210628,1.2999415945408357],[103.68885757415389,1.3000277689373245],[103.68872679293538,1.2998418517264478],[103.68774463968889,1.2998741168321435],[103.68776330005197,1.2997583324646496],[103.68375022019087,1.2990745184069292],[103.68329052716774,1.3025588002800494],[103.68337465230026,1.3025594881120408],[103.68311154798829,1.3046247277751033],[103.68315751213055,1.3047300335018557],[103.68299473968605,1.305084468366642],[103.68302637480598,1.305839496475208],[103.68289888401398,1.3059298797451167],[103.68286165497618,1.3061206435433976],[103.68289599497565,1.306462412912867],[103.68252038890985,1.3089050437952392],[103.68208866089948,1.3091980570063237],[103.68132694709162,1.309183863724568],[103.68130687711319,1.3091105223970128],[103.6806998824588,1.308821831182052],[103.68069530546317,1.3084321777001895],[103.68108659100083,1.3056598541912432],[103.68113319290984,1.304855590211769],[103.6810257473312,1.3048180436196806],[103.68109804358868,1.3042292543861516],[103.68118636891272,1.3039546955891836],[103.68132069565507,1.3038961011253805],[103.6813911692413,1.3032824508573082],[103.6815023370594,1.3032811462791867],[103.68154719283777,1.3029723818662269],[103.68141498239325,1.3029530747705838],[103.68158394434599,1.3016017517460339],[103.68145706219988,1.3015845792767875],[103.68155097235544,1.301225589584882],[103.6816458576785,1.3012380031693889],[103.6818769690523,1.299489126463322],[103.68173056147064,1.2995510871967435],[103.68170275195646,1.2991533807367748],[103.6817818583104,1.2990234558777647],[103.68190000548834,1.2980008741720346],[103.68012260550847,1.29718437212123],[103.67977746116323,1.2975794033268837],[103.6792315664746,1.2970536826509604],[103.67911128905004,1.2971817238268384],[103.6784435370423,1.2966145757747465],[103.67327316162212,1.3022329581900935],[103.6732191210291,1.3026816598930098],[103.6730175777053,1.3025862016185372],[103.6728467398392,1.3039883611333425],[103.67290444286328,1.3042517220532384],[103.67278820864769,1.304939951554454],[103.67289159017952,1.30512994639309],[103.67271535281671,1.3068108531228084],[103.66879327633916,1.3063171593120042],[103.66890736840762,1.3053014889185008],[103.66899305602384,1.3051239513031196],[103.6689992207217,1.3046979153681837],[103.66887442964614,1.3044431577060076],[103.66900818571217,1.3043065889918737],[103.66945716389372,1.3005136657436642],[103.66949930879942,1.3004344708839517],[103.6696377227263,1.300422039529551],[103.67041178590976,1.2996192777015438],[103.67052787740634,1.2996337803346942],[103.67068252785732,1.2994679929290123],[103.67089999645503,1.2989604876705056],[103.6713116691868,1.2987085375372955],[103.67434171924167,1.2954412818521546],[103.67427721033303,1.2953409208011972],[103.67398540101205,1.2955919593853034],[103.67420629413296,1.2953959421859857],[103.67426838341271,1.295119370708901],[103.67346489315258,1.2943129641702265],[103.67351946788482,1.2942533240990821],[103.6734379940033,1.294162665754532],[103.67339591289999,1.2942026005840486],[103.67316256365567,1.2938930039040428],[103.67279269628857,1.2936329819367698],[103.67282684235205,1.2935936480123171],[103.67228061523771,1.2934043303735918],[103.67225869681029,1.2932960669834488],[103.67162285941474,1.2927802148256216],[103.67153687926144,1.2927923187105714],[103.66658593825909,1.2886757257630221],[103.66520333873245,1.2903558736671625],[103.66545806722502,1.2905990009111712],[103.66543572907328,1.290729959938626],[103.6647388354807,1.2918787991961331],[103.65936067415107,1.294809527845608],[103.65924451422968,1.2946045066897474],[103.65863933667366,1.2949182245790918],[103.6590243725869,1.2957428906810426],[103.65770017682443,1.2967924248282077],[103.65660415126207,1.2958654563212983],[103.65586802277818,1.2966816404963344],[103.65682494209842,1.2975003928315607],[103.65639712194191,1.2978780318348633],[103.6537516041278,1.3010309815301728],[103.65177802844254,1.2993554279523747],[103.64980778357607,1.3016885067034787],[103.65290509981708,1.3050930692462617],[103.65312145183792,1.3052053159641261],[103.65384969561359,1.306315723857828],[103.65437571074,1.3068354070504757],[103.65432868644368,1.306885405760385],[103.65443527284903,1.3069950218728874],[103.65452703855435,1.3069033263121714],[103.6547355041861,1.3071061802169],[103.65576547103942,1.308473293907443],[103.65606106127265,1.3086537529287452],[103.65748723006729,1.3100580905965171],[103.65732445422758,1.3102518383194113],[103.65748335451302,1.3104208103058121],[103.65738797824046,1.3104247013597625],[103.6570931879293,1.3107509565638815],[103.65716368179974,1.3111058606209252],[103.65703613809427,1.3111669492718196],[103.65679471638833,1.3109077976257493],[103.65620569087079,1.3114687657778437],[103.65576394682394,1.31104336838798],[103.65550552048695,1.3106672210379529],[103.655205345418,1.3105799640699833],[103.65518982125938,1.3103511344730352],[103.65390138692736,1.3089991906361202],[103.65372521182144,1.3091426592229167],[103.65334447970594,1.3088561078132008],[103.65319301306836,1.3085919965474293],[103.65312193661178,1.3086152334682026],[103.65278209012271,1.307977417868845],[103.65266561627584,1.3079168986911722],[103.65260477086787,1.3079747814761207],[103.65176890085304,1.3070880191171497],[103.65126099636088,1.3066690354601],[103.65104537653696,1.3061966624686916],[103.65080631826945,1.3060112665520704],[103.65087513197749,1.305890480716799],[103.65060385676222,1.3057762736629568],[103.65045249644028,1.3055641422054616],[103.65015463869877,1.3055383443137036],[103.64976789540881,1.3053012885751523],[103.64917553135322,1.3053889118487458],[103.64489255378899,1.3007828161789936],[103.64503452914882,1.3006173380282162],[103.64655261149439,1.2916624182566705],[103.6497960414555,1.2856573017788642],[103.65014717324989,1.2844919603840095],[103.65019297691387,1.283520498980561],[103.64997184515244,1.282304606830635],[103.64945886869485,1.2812045512133516],[103.64866315955099,1.2802631450728925],[103.6480870609468,1.2798170185436673],[103.64744959470836,1.2794684398649212],[103.64675572998486,1.279213296318276],[103.64592641683475,1.2790965902347349],[103.64567885029281,1.2789669476581191],[103.64160814244958,1.2792647697485813],[103.64070244438379,1.2792090135405834],[103.64069112140506,1.2790600094584466],[103.64043811113929,1.279079678246602],[103.63973824685851,1.2698979225066485],[103.64243426631073,1.2698988387325894],[103.64252247431317,1.2697849863660033],[103.64333145632862,1.2697850463285911],[103.64335501855395,1.2608537962320454],[103.61734269957242,1.2608517552539251],[103.61734326448104,1.2539786296298743],[103.64435426987933,1.2539807322304761],[103.64435470035376,1.2479637760496494],[103.63778532919467,1.2450270840742033],[103.61734399571422,1.245025478602504],[103.61734455350714,1.2381523521466447],[103.64983862452237,1.2381548158281306],[103.64983923787348,1.2292016459037858],[103.61734527547134,1.229199200042592],[103.61734588393506,1.2216025856630572],[103.65691752851413,1.2216054934180578],[103.65857532673121,1.217166317913894],[103.64806401875815,1.2132770329245754],[103.64602015642511,1.2121052003820958],[103.64504532068176,1.2114422709513606],[103.64371195698487,1.210850779913163],[103.64319719572849,1.2104467034311257],[103.64275609103969,1.210284222013637],[103.64224553838778,1.210243628013024],[103.60897230532508,1.2188029919000802],[103.60823475447278,1.2190918308577572],[103.60759589816992,1.219482556588689],[103.60700142491696,1.2200083897782579],[103.60651006255432,1.2206328273908733],[103.60601366617695,1.2216674062529362],[103.60584429268744,1.222208002785945],[103.60571267211444,1.223044610478025],[103.60570154061381,1.2436752287349866],[103.61243453437793,1.2436828747323978],[103.6124359056643,1.2463907971019799],[103.60884771320161,1.2463926351010506],[103.60884715655942,1.2529492734305532],[103.61199401813728,1.2529495428818633],[103.61199379017226,1.255662826784504],[103.60974773298891,1.2556626344379664],[103.6097473442206,1.2602300808960754],[103.60570883484814,1.2602297288879305],[103.60571132346347,1.2611332966013629],[103.6098697701904,1.2611336592228888],[103.60987301751618,1.2646679725380379],[103.60675531118588,1.2646677005418412],[103.61105393301663,1.276326951555472],[103.61170125157899,1.277391014995867],[103.6126128507762,1.278236515140951],[103.61348631788918,1.278711602003817],[103.61513657816202,1.279207328456759],[103.61603404515338,1.279595878579175],[103.61687635319639,1.2800940627392094],[103.61765034220068,1.2806941042141422],[103.61834392232124,1.2813866274704446],[103.61908709952786,1.2823767203966348],[103.61959141422473,1.2832990458078668],[103.62002778699679,1.2844882000943063],[103.62023200983879,1.2854459945141818],[103.62032114924862,1.2864602908319993],[103.62023634309463,1.2877679301775764],[103.62003164258272,1.2887294206643287],[103.61957666054118,1.289957228979437],[103.61862201201401,1.2918086086637581],[103.61821662317277,1.2933468598412154],[103.61750751191835,1.2934307933540936],[103.61768181044815,1.2944787236169324],[103.61754355744512,1.294506585011444],[103.61748288350167,1.2942333017011929],[103.6173599231803,1.2940855940694882],[103.6178173084745,1.296727146541672],[103.6178825770571,1.2967304638931343],[103.61790210592588,1.296591633890633],[103.61783772761481,1.2963035341578575],[103.61799264435342,1.2962725839968514],[103.61814824812998,1.2971607677040908],[103.61869784919854,1.2970679913238663],[103.62653721471789,1.318301774265731],[103.62459689686887,1.3190281350848867],[103.6239104199955,1.3171623653668647],[103.62380930536692,1.3172000522892553],[103.62265105462338,1.3140520447256778],[103.62075935893374,1.314757176322469],[103.62135503606474,1.3196813053270482],[103.63232480257669,1.3371314922114255],[103.6325168074378,1.3373267229460828],[103.63278609446955,1.3374407938095862],[103.63351874991613,1.337378425136291],[103.63369673028099,1.3378183217403006],[103.63403103214735,1.3389910404737022],[103.63439735091993,1.3398149143630143],[103.63454838001103,1.3404816653981297],[103.63475911308137,1.34076462941749],[103.63462988619571,1.340948040966278],[103.63449009838983,1.3409445296745626],[103.63440332123837,1.3413917941336801],[103.63432267341756,1.3414679770689806],[103.63481768919723,1.3419990028973097],[103.6345326995804,1.342271319185407],[103.63570634166572,1.3434779230707992],[103.63561098672275,1.3435705542332834],[103.63580640976733,1.3438409373305218],[103.63587913463921,1.3444526065107287],[103.63605241080771,1.3445807411577217],[103.63646935933748,1.3456930462895322],[103.63646494052425,1.3458463763985145],[103.63639077383053,1.3458783286149625],[103.63602931837178,1.3454702487847792],[103.63576952452794,1.3453999679729451],[103.63550319897129,1.3454316802161463],[103.63507255935949,1.345748007913584],[103.6346375658763,1.3463228642663732],[103.63426909915802,1.3471455655525375],[103.63413068270303,1.3478548609877672],[103.63416357014593,1.3487582260451543],[103.63439351720935,1.3495656819726292],[103.6342931921136,1.3497125795900706],[103.63317452293991,1.3505500763674991],[103.63329682711671,1.3507956497818352],[103.63439549234275,1.3499845739687761],[103.63458045279982,1.3499456384488524],[103.63510442011341,1.3506504502594192],[103.63565348209337,1.3511175777030282],[103.63628244476229,1.3514648677237537],[103.63705662523627,1.3516804667039188],[103.63740658541498,1.3516075350656835],[103.63776585094422,1.3513674170643748],[103.63799442038652,1.35099020114716],[103.63803392309032,1.3505251032854115],[103.63821222066,1.350464947967407],[103.63833254992184,1.3511892110071713],[103.63871343581403,1.3524577881673734],[103.63878853985915,1.3530919372090862],[103.63935817007446,1.354138084332484],[103.64014810987861,1.3563033122216794],[103.64012134461515,1.3571056268192592],[103.64039393765044,1.358099013164477],[103.64051409570776,1.3581468977820972],[103.64059360700121,1.3580405976407797],[103.64056831971256,1.3576888089145256],[103.64067175159438,1.3576730216722148],[103.64095594744455,1.35810551355961],[103.64255094459949,1.359167884065016],[103.64376387842427,1.3607354882095772],[103.64450450247892,1.3622310595937241],[103.64468354386925,1.362934502543473],[103.64533004719335,1.363735296775874],[103.64558876115355,1.3647369765760229],[103.64651344445198,1.3664567030576187],[103.64679921370447,1.3676127509558593],[103.6473257644114,1.3682799055289807],[103.64761769019881,1.3688992924696715],[103.6484262763929,1.3698303763277542],[103.64908267117842,1.3709625226148974],[103.6493832398555,1.3717614761228445],[103.64913761513569,1.3721582258805487],[103.64934598313096,1.372636500822423],[103.64954835481313,1.3728238609001733],[103.6507612949187,1.3729930723720924],[103.6510647281725,1.3731740562290753],[103.65115618232079,1.373342955124609],[103.65117012824263,1.3737680287489902],[103.65098301796273,1.3740382623731573],[103.65090548145541,1.374322894570961],[103.65103464533794,1.37450984286901],[103.65140317917464,1.374713830479919],[103.65163229870404,1.3746536294374652],[103.65192815705171,1.3743259681900204],[103.65236492328398,1.3732217032490246],[103.65255379845351,1.3729830905573501],[103.6527145588523,1.3730128191407849],[103.65278443823483,1.3731975399305463],[103.6527033065681,1.3734853363026014],[103.65294588709045,1.3738845391333587],[103.65272190784333,1.3746453735170165],[103.65291133992085,1.3747460097050161],[103.65342704231793,1.3746499696790426],[103.65357643840645,1.3748152247141157],[103.65404468744295,1.375911328836897],[103.65461811688004,1.376924711824002],[103.65499927103981,1.3784323906668714],[103.65563316727174,1.3796119795203727],[103.65621044870372,1.3803674192553228],[103.65645269844816,1.3811000005475067],[103.6568294137101,1.3814591961613996],[103.65722334515905,1.3822648736862972],[103.65737371860888,1.3827241903058083],[103.65702668894326,1.3832204662478877],[103.65695360517837,1.3835041639021108],[103.65714161671791,1.3836396049469466],[103.65774409269515,1.383369198349702],[103.65799183651383,1.3833494384327913],[103.65789636227032,1.3835228296854523],[103.65747250517144,1.3838664458273242],[103.6574563533378,1.384232549403482],[103.65771489796477,1.3843730591873522],[103.65806254098716,1.384837185399188],[103.65852735349453,1.3850429157023032],[103.65878608093273,1.385511653800467],[103.65907944688301,1.3857309909608106],[103.65975653453856,1.3859647357443277],[103.6598786936847,1.3857541554809567],[103.65991451309354,1.3850178028833142],[103.6600441052677,1.3849788661576758],[103.66023166510705,1.3852633210718477],[103.66044349552038,1.3859925601062721],[103.6599522648813,1.3863389734340479],[103.6598153272935,1.3868030528513362],[103.65983250604579,1.3869903127062664],[103.66042188440096,1.3880415425870516],[103.66065395749163,1.3881844259240717],[103.66125369918902,1.3883483896985929],[103.66160454337646,1.3888608239680063],[103.66163819639426,1.3890400452697504],[103.66146658452276,1.389706056812769],[103.66161287972021,1.3905366263615926],[103.66246716651571,1.391850615412602],[103.66273906499836,1.3925175573730901],[103.66266918618675,1.393445074829757],[103.66237112573836,1.394857613745023],[103.66275753304835,1.3964544940311465],[103.66285025587821,1.3973074018631721],[103.66205355536823,1.3987327939842178],[103.66269442964607,1.4002618080948754],[103.66278408319569,1.4003026365671287],[103.66292391279512,1.400214088248067],[103.66306981192866,1.3999933663341915],[103.66325336668835,1.400323230597395],[103.66316646273438,1.4004324962661845],[103.66305047542993,1.4004043721409454],[103.6627266699503,1.4006935528345439],[103.66285454884341,1.4009109477397272],[103.66297036400441,1.401456449001345],[103.66339347455165,1.4018971429268863],[103.66388272542456,1.401958967198785],[103.66347625122158,1.4021642272921004],[103.66343657934807,1.402744755713497],[103.66320582859886,1.403120832334469],[103.663028041289,1.403255772441089],[103.66307637585923,1.403417223235852],[103.66294594555069,1.4036498648123523],[103.66284381973435,1.4041157881166446],[103.66288467309904,1.4043465738381355],[103.66261354365712,1.4047577808819394],[103.66243529006809,1.4053715333700398],[103.66248793686904,1.4055334999771638],[103.66267630266434,1.4057796516819008],[103.66282983551001,1.4058459652159352],[103.66319079397171,1.4057868122012418],[103.66431258305796,1.4063108758735707],[103.66437680932843,1.4065447987062738],[103.66457711070574,1.406761030405691],[103.6650792647346,1.407746859172979],[103.66498384670645,1.4081411821725072],[103.66506067816843,1.4082651393458514],[103.66502683926205,1.4085051332491254],[103.66513994720981,1.408919320290948],[103.66542763814806,1.4090661785007],[103.66587367956897,1.4090783174759645],[103.66686967217433,1.4093492080908532],[103.6673564348434,1.4089912864390235],[103.66783634186535,1.4088912940341447],[103.66805218697179,1.4087443174574572],[103.66804897407243,1.4090315103761168],[103.66831084561369,1.4095584346385122],[103.66867601181877,1.4098185266137833],[103.6695925927904,1.4102212815781052],[103.6698307592597,1.4110191467601476],[103.67012726468967,1.4113895547936792],[103.67059925968185,1.4116969448694354],[103.67056564869976,1.4119223524969888],[103.67042168378077,1.4120686361921566],[103.6703083454697,1.4128949666007495],[103.67058437393378,1.413283154691826],[103.67119248178062,1.4137010291346706],[103.67180938651485,1.413631698918213],[103.67212265973747,1.4134868260178228],[103.67240698896126,1.413546424217781],[103.67270552376087,1.4137912173866298],[103.6726337987716,1.413988081697297],[103.67224616376355,1.4140989907395942],[103.67222860583921,1.4142105070927478],[103.67180320032568,1.4146245097799535],[103.67153804911219,1.4152963712172355],[103.67152504026541,1.4159321980016617],[103.67187266651578,1.417088249000345],[103.67206097006454,1.417468779943601],[103.67196385587589,1.4177619947846383],[103.67216364364987,1.4180090004430448],[103.67245798874885,1.4179296797047447],[103.67262408704703,1.417769753378496],[103.67294067933267,1.4177026140519677],[103.67302478911247,1.4177747535042182],[103.67308620934602,1.4185303318703124],[103.67285821767992,1.4186985930143836],[103.67247332471277,1.4188042885557945],[103.67221585513995,1.419059776734445],[103.67226535574216,1.4192383777998125],[103.67272055753666,1.4193827229527396],[103.67336296060978,1.4199620367922459],[103.67392845975179,1.4201429897762303],[103.67413073749964,1.4200545835847451],[103.67415550390001,1.4197717890934511],[103.67439738644644,1.4196882167100635],[103.67477169266905,1.4191824319767756],[103.67482705152133,1.4192530084650758],[103.67437333049224,1.4199895289403361],[103.6743831740783,1.4201141034578924],[103.67478604712996,1.4204551755605455],[103.67492531962385,1.4207097798123758],[103.67449095948119,1.4204297272683062],[103.67414272139986,1.4205221052745471],[103.67363271534089,1.4212816041481628],[103.67351228324667,1.4220127304118533],[103.6735712375119,1.4224339150281335],[103.67391725783614,1.4229489026955218],[103.67399309518954,1.4232340310844416],[103.67390009335485,1.4235067815085385],[103.6740633683253,1.42404552303986],[103.67402314766017,1.424253310599488],[103.67430134106866,1.4251751688651026],[103.67448234391244,1.4253546951571108],[103.67592630798157,1.4262336116860561],[103.67690582871779,1.4260864155409976],[103.6768285811473,1.426185757871171],[103.67640368257126,1.4263073444382401],[103.67654588984402,1.4266221331224334],[103.67656035516106,1.4269032816887326],[103.67686616819763,1.4273296407657694],[103.67689433500455,1.4277737017626746],[103.6773956027978,1.4281636854113253],[103.67761230513432,1.4284787368799654],[103.67766722174373,1.4287157879746284],[103.67805912246962,1.4291200755552294],[103.67880075557511,1.428876107709765],[103.67899563805341,1.4285264435620113],[103.68022467303184,1.428742893661539],[103.68066099817229,1.4288835238214177],[103.68087770933036,1.4290456521774997],[103.68139789116445,1.4291424046107812],[103.68219228617797,1.429865910608128],[103.68242164684825,1.4301954078954742],[103.68251095495272,1.4302517075411065],[103.6825903710344,1.4302031341532682],[103.68295064896765,1.4305227219228145],[103.68310069887104,1.4308728351581461],[103.68303137389701,1.4309773701623032],[103.68306892255143,1.4310579122872304],[103.68330606472585,1.4311742711971904],[103.6834894347924,1.4309793817708756],[103.6836582273474,1.4309731355875828],[103.68436277438128,1.4305149566179645],[103.68552259181921,1.4304093493910275],[103.68577715520986,1.430171571437204],[103.68583142296733,1.4299731057330376],[103.68593930860744,1.4303112505003535],[103.68574781083305,1.431268538387645],[103.68588006426928,1.4315257363064426],[103.6861994744843,1.431655777809877],[103.68625299592281,1.431845895995],[103.686524188094,1.4319573452090761],[103.68757588630693,1.432003411247125],[103.68777641628165,1.4317124902718168],[103.6879396857563,1.432055115101789],[103.68848056029636,1.432585665748653],[103.68845950191292,1.4327556453694446],[103.68860321889981,1.4330441601054404],[103.68894191257233,1.432898598498798],[103.6892316890116,1.4329059620782618],[103.68943043666692,1.4330231915827394],[103.68964647446725,1.433351523519198],[103.68985101561714,1.4333065354228345],[103.69011284670128,1.4331132628470735],[103.69052087887539,1.4330605588122642],[103.69066641853551,1.4331305681910362],[103.69082956584533,1.433393836988357],[103.69112278430207,1.4334834259553342],[103.69269931998447,1.4334789731829654],[103.6930544796756,1.4336819789448987],[103.69326976694761,1.4335504601236475],[103.69347119653222,1.4339006664460434],[103.69428466326556,1.4343614204685724],[103.69525147120572,1.434708235852957],[103.69565143849574,1.4349457091726008],[103.69609624716217,1.435007024624408],[103.69619574557572,1.4351738617525154],[103.69608640013338,1.4354332856243674],[103.69658062389114,1.435774205323273],[103.69740612062515,1.436613818590932],[103.6982447346288,1.4376539654508973],[103.69873148504558,1.4379581853267989],[103.69952879213716,1.4386832046653004],[103.70009906213828,1.4395563267222586],[103.70254977596915,1.4409567473611735],[103.7030012296163,1.4416150408610922],[103.70329386553706,1.4417220653533913],[103.70333382535965,1.4419248516989867],[103.70374802383937,1.442388777588939],[103.70432449846034,1.442847000734931],[103.70485898115487,1.4435589634787236],[103.70576924112223,1.4441898957885586],[103.70648022118539,1.444811777492761],[103.70642462834364,1.444913426406998],[103.70672921484434,1.4451262795561468],[103.70645386094505,1.4457005616645844],[103.70659023972455,1.4457243088174623],[103.70662168741745,1.445944260337197],[103.70672275329245,1.4459327625331944],[103.70672338405444,1.4455768691969229],[103.70687413382777,1.4453942961096906],[103.70702162472557,1.4453190524492756],[103.70733579545447,1.4454399397323154],[103.70771507831752,1.4456472025503262],[103.70835373779977,1.4462647143613574],[103.7096456259388,1.4472331867932873],[103.70993506901887,1.4476284565959623],[103.70987959757335,1.4477796013156303],[103.71005045288126,1.4477564490658206],[103.71005200533635,1.4476958750124425],[103.71043926873232,1.4480136589839976],[103.71086218125588,1.4481171174675698],[103.71147382189837,1.4486083266146412],[103.71185934202859,1.4486964367875212],[103.71228768596626,1.4489339542644435],[103.71230296077093,1.4490952588366868],[103.7125692160983,1.4492889792613222],[103.71371949697459,1.4496526962713905],[103.71476893324744,1.4498556227499566],[103.71561575880789,1.4502011234512866],[103.71590175056157,1.4502194725249613],[103.71596049393474,1.4500423038884958],[103.71603171746837,1.4502758092866095],[103.71683917881671,1.4505440994229146],[103.71721607480261,1.4505086272356416],[103.71747916814067,1.4503222518368046],[103.71756409888185,1.4505772708637965],[103.71776540666954,1.4506670879625618],[103.71956894656151,1.4510935512738083],[103.71984508785279,1.4510076345746086],[103.72147331796029,1.4513062713673248],[103.7218923448679,1.451180027881001],[103.72245713281892,1.4511623393580677],[103.72426107615696,1.451134127407813],[103.72477768242442,1.4512225972102637],[103.72712526812902,1.4511369432697938],[103.72737681373171,1.4511840380393943],[103.72834958225035,1.4510707698180736],[103.72907411301578,1.4507489808382],[103.73045315649571,1.4498751220881974],[103.73140681695672,1.4488889711427106],[103.73158302424187,1.448383984142651],[103.73157212847329,1.4481479460096356],[103.73149854340157,1.448121150048613],[103.731392899589,1.4482223633008717],[103.73123763756311,1.4488112778579314],[103.73110334075612,1.4489774076268738],[103.73113176577648,1.448765099032833],[103.73102713215819,1.4486411460124538],[103.73117896321449,1.448537400852837],[103.73111323682555,1.4483403400542483],[103.73083992640804,1.4480143267577597],[103.7306411199401,1.4479844746556545],[103.73060652872944,1.4478768395050363],[103.73094953363957,1.4479000592436784],[103.73128356055372,1.4480462003434393],[103.73205267069781,1.4477169169611341],[103.73263277736818,1.4471048561003572],[103.73256111896193,1.4469343408165858],[103.73224005298036,1.4469622006970597],[103.7319075291957,1.446843233185104],[103.73155623240324,1.4464313337055577],[103.73131864444866,1.4462987561267195],[103.73124988399871,1.4461314821741587],[103.73173191193167,1.4464319710626996],[103.73185766178266,1.4466745176395603],[103.73203559903163,1.4467872254568392],[103.73234504155751,1.4468826676446334],[103.73275510039888,1.4468305015572658],[103.73278170704974,1.4467477490728258],[103.7325144369242,1.4466662269662278],[103.73213961618525,1.446363693762329],[103.73207266182132,1.4462174363864293],[103.73234774736439,1.4463920159606065],[103.7325869367228,1.4460145856309339],[103.73266044345307,1.4460031433031721],[103.73266990545204,1.446130960865302],[103.73248023953465,1.4464701651206924],[103.73267223429711,1.4466073066735028],[103.73291022119714,1.4465593915087003],[103.73327125773513,1.4462429151161493],[103.73349034416243,1.4462203555584479],[103.73374076399625,1.4459254793984313],[103.73386612478733,1.4456143698188366],[103.73386977392646,1.4454300582241897],[103.73369889763853,1.445343056457712],[103.733769787786,1.445204154958667],[103.73405986525803,1.4451788446849505],[103.73413969663842,1.4454699967964164],[103.7345930641153,1.445291087682225],[103.73533018840068,1.4447687601020063],[103.7363377589893,1.4438171927906167],[103.73654165323391,1.4436943429960178],[103.73677837500794,1.4437207333754452],[103.73737034402001,1.443076890519658],[103.73789823674036,1.4427495824931789],[103.7378071159488,1.4424781315407185],[103.73810426924886,1.442394352177176],[103.73803660052977,1.442089081776376],[103.73780179599521,1.4419887129615532],[103.73712084024649,1.4412841658618258],[103.73655365662856,1.4404196372087164],[103.7367115813925,1.4399050960847566],[103.73679908314875,1.438727710332244],[103.73717163581182,1.4387180784239728],[103.73729434662988,1.4397818951469252],[103.7377463945957,1.44065774952773],[103.73800976151959,1.440958807524417],[103.7382026986057,1.4410581083097491],[103.7383624277987,1.4409472474106877],[103.7384239875836,1.4407820564271707],[103.73841629642041,1.4397196833978176],[103.73870828124186,1.4389012800980334],[103.74225719966337,1.4389077297545354],[103.74247911065645,1.4391774051177553],[103.74269454505277,1.4392768664987923],[103.7428928798417,1.4391316979951014],[103.74296570437939,1.4387068512367667],[103.74289777138598,1.439278999868743],[103.74294694587032,1.4454578150600808],[103.74307349960128,1.445785132452031],[103.74333046546514,1.446081953608647],[103.74381987816166,1.4462874424515475],[103.74420346631457,1.4462925926125092],[103.75793060140639,1.4433992169527277],[103.75885934178595,1.4434518319306238],[103.76038155217643,1.4441242202848124],[103.76187493955827,1.4443525391886314],[103.762079750562,1.4443297520940441],[103.76426779006354,1.443329659640385],[103.76464497067921,1.4436733770287835],[103.76583998168401,1.4438357109411146],[103.76644203342595,1.4441113018445968],[103.76706280001086,1.4441840517346267],[103.76694474678976,1.444334805596486],[103.76683963637642,1.4450002599988385],[103.76736584293576,1.4464067770941158],[103.76813748369365,1.447153975280535],[103.7689741347764,1.4477516115084217],[103.76950630009978,1.4485142489275287],[103.76979589850788,1.4492449644236112],[103.7698602221071,1.449825983360604],[103.76905359910549,1.4524884234584172],[103.7694080019926,1.4526859736000612],[103.77061801573133,1.4487065477612073],[103.77068050818552,1.4485679648948684],[103.77086248573916,1.4484924556285816],[103.77124600708382,1.448863861948721],[103.77160786095365,1.4489568340983483],[103.77180012821455,1.4492205118624495],[103.77283114495482,1.44994580288842],[103.77457087652775,1.4508015574407707],[103.7763342345979,1.4512616795242386],[103.77732995435707,1.4518265047023526],[103.77851027731471,1.4526786682530717],[103.77846043017487,1.452823668112969],[103.77873066915673,1.4530205636185198],[103.77891216419337,1.452948769724177],[103.78157962731352,1.4545541137573206],[103.78163241670455,1.454708227517085],[103.78180317878642,1.4546804222772993],[103.78232577236629,1.4549799774245384],[103.78270294157201,1.455441771943779],[103.78302447150894,1.4554041848025805],[103.78347224137836,1.4555840907502675],[103.78374491211304,1.456057160185358],[103.784217197861,1.4565693115126381],[103.78449011729366,1.4567728263496065],[103.78473089697069,1.456824996166713],[103.78494775892986,1.4571532566990808],[103.78544653696906,1.4576204072346581],[103.78561505972637,1.4576868815355737],[103.78567942264237,1.4578807603080453],[103.78651984907364,1.4584058785070566],[103.78717730703819,1.4586879088208071],[103.78755649858863,1.4592052033784477],[103.7881715696694,1.4594909223431582],[103.78942578524386,1.4605608995697847],[103.78986243918659,1.4608311770873592],[103.79097358421349,1.4612145670977046],[103.79150797882909,1.461585038758111],[103.79141286683475,1.4617303799168189],[103.7917559669661,1.4620251897880556],[103.79185920817518,1.4620029172406463],[103.79486571853367,1.4640805107639765],[103.79509825323211,1.4641569153817713],[103.79508404160713,1.4642195513431426],[103.7963887610539,1.4649719855845413],[103.79692511494488,1.4653787047069222],[103.79680082517609,1.4655905497860946],[103.79717241542562,1.4657002008669209],[103.79707513861271,1.465861185909175],[103.79745689184996,1.4659908859404747],[103.79745207685748,1.4658939923729597],[103.79776187750731,1.4660953628916331],[103.79778899818662,1.4660502988989248],[103.79799555895542,1.4661835691734448],[103.79793863969822,1.466277025178116],[103.79826312196222,1.466589459821912],[103.79867706170056,1.4668373079930932],[103.7990876682606,1.4670480590524162],[103.7994187702717,1.466980552497245],[103.79942247501721,1.466815695251284],[103.79950095957484,1.4668044642535623],[103.79959274949232,1.466994717474081],[103.79963960609555,1.4667808905096373],[103.79975726999459,1.4667661511661254],[103.79980090412171,1.4668574563503198],[103.79987539146067,1.4667999851799107],[103.79994996613567,1.4668519871944228],[103.79992659188007,1.466951177418001],[103.80047963544037,1.4672619068253705],[103.80101252041932,1.4677788306542108],[103.80158182367998,1.4684767903393159],[103.80303783120198,1.469034404960145],[103.80423982401493,1.469338694095444],[103.80475185684207,1.4696042670559881],[103.80499866118144,1.4694900129488981],[103.80539955378516,1.469788539342668],[103.80621835327455,1.4700383798856052],[103.80864377479118,1.4705713405112435],[103.80923075768852,1.4703486384315196],[103.80916699256667,1.470248334791285],[103.8096974293122,1.4697834072692026],[103.81028099318551,1.4699511547354571],[103.8104337660618,1.4699149727362983],[103.81118104767926,1.4700749079504474],[103.8119452849426,1.4703627471984309],[103.81261338291893,1.4703559436815796],[103.81428655496944,1.470616243519622],[103.8170459257245,1.4706630183735891],[103.81703650943734,1.470753895979616],[103.8173223587244,1.4707723000490571],[103.81732200701384,1.4706959265523887],[103.81784046986103,1.4706474346478788],[103.81860700651417,1.4704370315694428],[103.8191510171877,1.4701745074419421],[103.82045386721055,1.469731881012703],[103.82142711806398,1.469243896431841],[103.82216803564751,1.468637482054746],[103.82189614474187,1.468251677395687],[103.82026569911031,1.4673066673360011],[103.81859086563236,1.4649577933296074],[103.819399057862,1.4644617461008707],[103.82053374246983,1.4661482163248816],[103.8223266436234,1.4671704714020781],[103.82284764843153,1.4671625164255815],[103.82245705649122,1.4666740786703198],[103.82280136489531,1.466166769474629],[103.82251668701474,1.4659637493518625],[103.82261997964414,1.4658789992331813],[103.82296064721498,1.4658528014359198],[103.82331914961377,1.4659894388403585],[103.82339109482653,1.465784287011468],[103.82168461574105,1.4627237154024866],[103.82219259555424,1.462446678887336],[103.82389267891342,1.4654893201799968],[103.82415259435336,1.465810952728333],[103.82429311891218,1.46572616831887],[103.8233369274082,1.4640194864577587],[103.82372189161845,1.463755495391294],[103.82227523016175,1.4612228538464205],[103.82264279045688,1.4610155140127987],[103.82404449302896,1.463569749531701],[103.82455400925404,1.4633210751358634],[103.82753875541977,1.4685865733269297],[103.83429689157344,1.4647085884760676],[103.83194639901818,1.4605052330351993],[103.83289910041893,1.4599578673669278],[103.83526982179544,1.4641398064780724],[103.83581343493708,1.4642466836232666],[103.83634544596835,1.4641667182383888],[103.83665386735056,1.4646336940555913],[103.83700508810043,1.4647830699435822],[103.83730813075955,1.464807333497153],[103.8461486715328,1.461265648882209],[103.8500307226781,1.4595294776474534],[103.85415776390383,1.4574747724675816],[103.8581911308803,1.4548557307085588],[103.85831702345675,1.4547016718851904],[103.85836741219623,1.454337699364603],[103.85829807039163,1.4540717277240762],[103.85805130327437,1.453818973506414],[103.85737422524433,1.4534039838023307],[103.85684331235325,1.4532551736893309],[103.85503570627529,1.4524888929840547],[103.85634786998585,1.4494546388186662],[103.85717040441577,1.4470634214611964],[103.85767122958413,1.4460906491523196],[103.85784054087311,1.4452405419050418],[103.85875014865793,1.4424001174340078],[103.86030830765202,1.44017819099061],[103.86337155753569,1.4364413544757635],[103.86279428101588,1.4359658783779798],[103.86360582575816,1.4341059289989317],[103.86441908642138,1.4343112917815195],[103.86455517370926,1.4345466849235244],[103.86493973360801,1.4346062807928956],[103.86528875288347,1.4343194470370584],[103.8653621480788,1.4337209752216609],[103.86515073241006,1.4328942885184275],[103.8647209240375,1.4321051232369775],[103.86440694612546,1.431756737715445],[103.859323306327,1.4275479233210098],[103.85874610305694,1.4272439523552232],[103.85815272435674,1.4271891074049488],[103.85777773936248,1.4265253464267935],[103.86217602237008,1.4246103040562224],[103.86379404653898,1.4238229377030929],[103.8651684437564,1.4245423340325147],[103.86691508986443,1.4247878248396808],[103.86919549166706,1.4267939465313069],[103.86912719173512,1.427506775182768],[103.86923947642488,1.4278679853111673],[103.86991283221063,1.4287310983920896],[103.8707612403981,1.4294095111103489],[103.87364599667757,1.4311670835787162],[103.87463255249908,1.4316140204829566],[103.87603339418085,1.4319416365356077],[103.8771302635109,1.4319863003152613],[103.87855857378887,1.4317557230148885],[103.87921749031158,1.4315423795307962],[103.8802038395108,1.4310494180402837],[103.88517460041714,1.4275826139866012],[103.88812373616732,1.425765272079785],[103.88784941357751,1.4253549870247673],[103.88773931825997,1.4253574947313286],[103.88654621306657,1.4235946488737155],[103.88727416924027,1.423169791739176],[103.88842976651016,1.424888529596101],[103.88838104706771,1.4249792836394184],[103.88867966961298,1.4254360613666996],[103.88996508414378,1.424691241427885],[103.8900172594512,1.4247824361439245],[103.89477708390838,1.4219972821047624],[103.89501830557681,1.4218532639057972],[103.8949700590317,1.4217714917630975],[103.89686573686845,1.4206156284474072],[103.8971340411532,1.4203522441795249],[103.89754969690378,1.4197316250178602],[103.89777309455587,1.419097160860901],[103.89783430112145,1.4183873288854005],[103.89769855940081,1.4176359044222724],[103.89748430454692,1.417111805616892],[103.89692360112801,1.4158607230824933],[103.89648159604029,1.4152995307335436],[103.8966005208769,1.4152493470612544],[103.89663643511504,1.4153307885195896],[103.89741490715237,1.4149062118148998],[103.89746367374835,1.4150148181691682],[103.8981306231984,1.414733466548694],[103.89895067469439,1.4164384006728257],[103.89975783886487,1.4174770632171305],[103.9017861688517,1.4190325990321355],[103.90384510500684,1.420151722454647],[103.9045678434852,1.4203259573777436],[103.90537281877945,1.4203732078555844],[103.906956212895,1.420024942562211],[103.9079335446417,1.4210266107612408],[103.91068313330747,1.4215064715703558],[103.91257793232823,1.4211060517445584],[103.91287653626317,1.420558143030846],[103.91305264941649,1.4199184049946287],[103.91391954262589,1.4185091022594216],[103.91398358268,1.4181050116287948],[103.91395653758205,1.4171350832393685],[103.91410751722647,1.416249695695133],[103.91503049644436,1.4163789463569045],[103.9151810081636,1.4169474579597772],[103.91555159596939,1.417293567079172],[103.91592421740354,1.4173611277402611],[103.91630185147075,1.417234956428438],[103.9174443186778,1.4159539418247071],[103.91835665182461,1.4153540986643283],[103.9186824303624,1.4150224612593976],[103.91880501451375,1.4146509851230185],[103.91861447942509,1.4141411277277438],[103.91910933376789,1.4136342356632807],[103.91953053722204,1.4133496196700317],[103.91999725021522,1.4132555366936548],[103.92052362665571,1.412947101990538],[103.92133592658568,1.4127108054634714],[103.9226671463977,1.4117101121165896],[103.9235012403263,1.411204312992837],[103.92491868892769,1.4097373210978932],[103.92587726805024,1.4085069552512435],[103.9268648294422,1.4076463203392264],[103.92774878881282,1.4066502645620205],[103.92895313236487,1.4057813921232067],[103.93087484923227,1.4038729512915837],[103.9311584703492,1.4032222395513387],[103.93114782303188,1.4027456833573377],[103.93100922060013,1.4023595109295002],[103.93075371947283,1.4020476313580037],[103.93039404247227,1.4017832378568473],[103.92981199345734,1.401600607010521],[103.92985086475277,1.4013049321355093],[103.93011320358046,1.4013467787694427],[103.93012279907673,1.4012920418151449],[103.93005881329634,1.4012791654446928],[103.93021873738618,1.4003615127647113],[103.93028911759576,1.4002906738152472],[103.9300395771288,1.4002649261273552],[103.93013739574091,1.399696115872978],[103.93621522293739,1.4019281253175253],[103.93647902195184,1.4019424320253548],[103.93669691486181,1.4018141380087128],[103.94049727074623,1.3977631439310554],[103.93675723000764,1.3942091938547956],[103.93616178389583,1.3933859462314604],[103.93644407507061,1.3929996271762917],[103.93666940682164,1.3931013589442915],[103.93756894066213,1.3932474667849775],[103.93795857418965,1.393520621170784],[103.93986833376724,1.3952738950179557],[103.94025895363393,1.395408015850664],[103.94074320257762,1.395241874922554],[103.94290536848536,1.3930956881606569],[103.9431787377021,1.3926189904325932],[103.94321225707758,1.3918954238434602],[103.94282000049458,1.3901631576039077],[103.94261369573813,1.3884484046093017],[103.94268590379292,1.3880248340334949],[103.94286850019134,1.3876832215920851],[103.94375507188064,1.3867025473356072],[103.945755738689,1.385453521751775],[103.94924069142544,1.382989645543731],[103.95058223979201,1.3827662234596019],[103.954217931526,1.3817821092976694],[103.95811085184101,1.3813402335125686],[103.96135545710875,1.3815465220587704],[103.96331287897182,1.3819998757177547],[103.9645000474827,1.3821234652454626],[103.96504286682747,1.3819555113101198],[103.9654351128137,1.3816666724135145],[103.96622424511237,1.3806106546466472],[103.96701252066019,1.3808628592753591],[103.96750640639233,1.3810871672417306],[103.96760920406105,1.3819056539576557],[103.96781427086027,1.382001485631573],[103.96736543227122,1.3832216605945202],[103.96839110090248,1.3837425297678354],[103.9692508753214,1.3843889542152796],[103.97069672744034,1.3861546363112827],[103.97154106068825,1.3867278715890068],[103.9717880009407,1.3867814676176313],[103.97276683809554,1.3873147750601684],[103.9732845248364,1.388845803797177],[103.97309683576646,1.3889960936171788],[103.97323436327966,1.3892512654758025],[103.97331413497679,1.3892174511697386],[103.97354941175125,1.389480005808289],[103.9738361434313,1.390437557263842],[103.97406922000084,1.390612796773768],[103.97418442565088,1.39081308600895],[103.97458139609364,1.3907904892767313],[103.9746655095461,1.3906780015525106],[103.97459638473677,1.390797284649715],[103.97463625691876,1.391048922605314],[103.97481922432867,1.3909793598548903],[103.97490688780378,1.3910588063265026],[103.9750016262291,1.3912815267170477],[103.97523634128424,1.3915055372956855],[103.97528482756347,1.3917315188824648],[103.97614721121941,1.3920866182203238],[103.97659743832075,1.392431260906494],[103.97729528917661,1.3924403250452506],[103.97737910559125,1.392498564374536],[103.97773578794617,1.392450892526793],[103.97818575232021,1.3925793789977268],[103.97930165036044,1.3927049915123328],[103.97931815079218,1.3925423953907936],[103.97931966439558,1.3927095682658381],[103.98058150296015,1.392705385289248],[103.98114809649256,1.3930379600434233],[103.98143117834536,1.3933951430758826],[103.98140333686932,1.3934960181750675],[103.98105475778387,1.3934704702920602],[103.98224526902683,1.3937167608990244],[103.98268804202729,1.3937807722994475],[103.98228807797177,1.3936718186666728],[103.98259947371159,1.3933645584513032],[103.98377757450201,1.3931680033867326],[103.98414578506596,1.3931566182132038],[103.98431972986181,1.3932452723597422],[103.98438944979229,1.3933207648190216],[103.98422173481943,1.3935146091257609],[103.98644370322091,1.39329220641268],[103.98687036013877,1.3931885875552907],[103.9880327371697,1.393132771673388],[103.9902452132782,1.3923332419458643],[103.9907084979677,1.3921958077361456],[103.99190076847033,1.3920392196080729],[103.99311373595926,1.39158044372179],[103.99463915526047,1.3915306066586748],[103.99507091643659,1.3914048427654762],[103.99607977725837,1.390648487048671],[103.99675184937978,1.39052342515615],[103.99727221215322,1.390290570306888],[103.99845718164975,1.3894205603770273],[103.99858368147694,1.3892708798378945],[103.99853334516733,1.3891674245547558],[103.99860227181577,1.3892542563861372],[103.99890325914845,1.3891398878604444],[103.99913083564049,1.3889348985342824],[104.00010747448857,1.3874819356865642],[104.00068962282334,1.3861975381314293],[104.00076899496419,1.3856775189930932],[104.00103541561604,1.3851310548039952],[104.0011535248115,1.3845684194477708],[104.00150158249959,1.3838969188933248],[104.00167935556692,1.3837642998595592],[104.00193064169353,1.3833776235828816],[104.00237730568465,1.3824161192179931],[104.00285911065922,1.3816447838622556],[104.00376610803237,1.379597391809989],[104.0043263509824,1.3777435676585148],[104.00469065296814,1.377170971910765],[104.00546722803496,1.3762347491271685],[104.00616436605625,1.3745068813329722],[104.00668828149358,1.373958259194604],[104.00714850460984,1.3736360020527671],[104.00765671683746,1.3735045359639433],[104.00802330297012,1.3742746837343518],[104.00825864160143,1.3750789951542501],[104.00836374295062,1.3759961142527302],[104.00829901916597,1.3768605126459987],[104.00685003692078,1.3808371635954655],[104.0069651043078,1.3811971365539184],[104.00729160456768,1.3814716020689886],[104.00775532124305,1.3816367374559029],[104.0082493008276,1.381628444104984],[104.00887188435253,1.381345930118779],[104.02643248882349,1.3677470467529946],[104.0319240612178,1.3633593375665982],[104.03312997780613,1.361678374177014],[104.0339053455737,1.3602277531688263],[104.03701478270406,1.3581617804534045],[104.04131099430641,1.354860514080198],[104.04449368698792,1.3525881934456747],[104.04586297448706,1.3506705743007452],[104.04638250873228,1.349765088766269],[104.04720204779994,1.3476717936203237],[104.04761476630553,1.3457182070625857],[104.04840348344123,1.3406877611507368],[104.04852469684937,1.3404038290188542],[104.04878727052392,1.3387095343255737],[104.0491690424261,1.337654224097152],[104.05904837442773,1.3271617624607268],[104.05940451538038,1.326595128033392],[104.05955757881596,1.3259856330559943],[104.0594594072314,1.3251744378956098],[104.05906560719737,1.3244878315156936],[104.05845008316648,1.3240027578778708],[104.0576794844132,1.323795328730423],[104.04216445162422,1.3240339238017294],[104.03256450777174,1.32407255088433],[104.03273515529163,1.3179941122873626],[104.03355339572069,1.317434562649112],[104.03269498063598,1.3161765245090136],[104.02906343909822,1.3160813497955202],[104.02895238154598,1.3203756547697667],[104.02266464223756,1.320209208889302],[104.02277675209277,1.315915454178991],[104.01535021003903,1.3157202184636096],[104.01510780006743,1.3126223651163955],[104.0149749347555,1.3119972829090396],[104.01473435622124,1.3114056924747242],[104.01429401272277,1.3107415488628877],[104.01359034177358,1.310097528142634],[104.0127948311181,1.3096825195136859],[104.0119699859279,1.3094831908747677],[104.01117668990975,1.3094793733574475],[104.01040205729164,1.3096515843931604],[104.0065219397649,1.3113314573736143],[104.00562149879285,1.311526927811627],[104.00520613451239,1.311498255760847],[104.00451582901589,1.3111269991057204],[104.00312768612227,1.3105986219939734],[104.00216745280864,1.310413935452674],[104.00058806526503,1.3104540790326622],[103.9992346078044,1.310796415046493],[103.99127367659756,1.3142176885348342],[103.98391172454532,1.3120245628342018],[103.98386640643811,1.3121008737996045],[103.98393756799841,1.3121959739614582],[103.98457880957866,1.3123965585951887],[103.9849002049507,1.3126162997734123],[103.9851527309526,1.3130241315072537],[103.98520579583369,1.3134016259419037],[103.98456293555694,1.3160366237705674],[103.98419315712398,1.3166637984176344],[103.98347179675663,1.3166957788624858],[103.98291930079128,1.3163565446532712],[103.98158708463595,1.3165921005887942],[103.98042091168728,1.3166734423671151],[103.9799640554304,1.3166371991183818],[103.97996871032913,1.3165828756440423],[103.97974284506932,1.3165374339729383],[103.97874462841288,1.316476219535478],[103.97862951681209,1.3163448161939546],[103.97874286394747,1.3161553466618887],[103.97708920704729,1.3155601713770217],[103.9768967996446,1.315567429176128],[103.97669619110867,1.3154314998239225],[103.97669741049563,1.3161722733900203],[103.97598055847538,1.3162293935524225],[103.97516511111809,1.315978965569787],[103.97499079021696,1.3160443256339314],[103.97492702241934,1.3161780636035514],[103.974722114742,1.3162083243991727],[103.97387791697876,1.3159801205045445],[103.97300992952998,1.3160937402496693],[103.97273076641245,1.316005438686723],[103.97245821447746,1.3160729818061434],[103.97192990469046,1.3159688198554136],[103.9711171984897,1.3155261356217547],[103.97094387550918,1.3155867356964885],[103.97074136395543,1.3158255871424698],[103.97048844770349,1.3158889083026768],[103.97013002464307,1.3158336001391604],[103.96944021137959,1.3155573138789871],[103.96926770874406,1.3153195086584397],[103.96882136908056,1.3150866044265115],[103.96859030028075,1.315129099686838],[103.96850021360599,1.3153617689467276],[103.96824240598933,1.3153147697176157],[103.96749715542386,1.3150572740184632],[103.9664873504574,1.3145361634637978],[103.96628687061671,1.314563320454954],[103.96610661257863,1.3147774098351306],[103.96596458969763,1.3147564805408687],[103.96467840881732,1.314113096085439],[103.96441688767588,1.3142214290021634],[103.96415534720042,1.314131350225672],[103.9631573147356,1.3146830917019159],[103.96283304754556,1.3145064450750994],[103.96280579979157,1.3145900086760087],[103.9626306467404,1.3145723782207033],[103.96209403132569,1.314293414844734],[103.96152890268634,1.3139494336763518],[103.96117023245569,1.3135500070386408],[103.9612084789872,1.3137238832182048],[103.96103454082167,1.3138652946642762],[103.96066147255829,1.3138072600860642],[103.95928930633522,1.3129756602260296],[103.95843989220553,1.3124122147402517],[103.95837569537925,1.3123013069479408],[103.95829363141273,1.312272191505016],[103.95827009010625,1.3123392321799399],[103.95832796158439,1.3125130558915492],[103.9577967789786,1.3125116509440153],[103.95591719638897,1.311378732627171],[103.95574590328056,1.3112040181996856],[103.95568290816233,1.3112453570021567],[103.95582081082169,1.3113925044877914],[103.95564896607452,1.311570801709375],[103.95504051267116,1.311617169293332],[103.95368017433762,1.3110717899220297],[103.95337752243934,1.3108701705424397],[103.95331063051354,1.3108973987041417],[103.95336161281628,1.311041004524851],[103.9530877494302,1.3111029466727597],[103.95191509867739,1.31069775245404],[103.95135734620949,1.310617646997113],[103.95120633847733,1.3105078310478218],[103.95116065131273,1.310611406265378],[103.95124553281967,1.310694179476966],[103.95105530186049,1.310779817170408],[103.95059085685871,1.3108084522328807],[103.94902729113882,1.3102292122643704],[103.94904142480199,1.3103558793847205],[103.94857275797932,1.3103742497432085],[103.94756281971961,1.3099903381606885],[103.94612073169957,1.309659823057386],[103.9443653936132,1.3090853121639199],[103.9443022033706,1.309208914274271],[103.94407820508904,1.309197498517989],[103.94334604356985,1.3087922071858882],[103.94306672889802,1.3085095490642342],[103.94285391001507,1.3086759639427887],[103.94258710255508,1.308711318161116],[103.94182957110455,1.3084774106014538],[103.94133757436845,1.3081541266691419],[103.94122138521783,1.3084503621728802],[103.94114272877388,1.3084202511876712],[103.94126528356564,1.3081107276038793],[103.93981450506888,1.307300347627876],[103.93977731088478,1.3073911707915862],[103.9393333281997,1.3073201239294325],[103.93884644445498,1.3070338683920992],[103.93877288337265,1.307167469460816],[103.93856247480116,1.3071113002035877],[103.93678265636515,1.3062104054208863],[103.93673547863146,1.3064402558232031],[103.93635685330034,1.3064259635430513],[103.93500010119241,1.3056435413956031],[103.93505964424942,1.3057338269891259],[103.93488215447418,1.3057995488674243],[103.93459961171942,1.3056980998138985],[103.93368150482287,1.3050426796126846],[103.93369860412604,1.3049742683589123],[103.93355538465701,1.304875393726905],[103.93351699479167,1.304933078275001],[103.933626292778,1.305087458667992],[103.93354156284455,1.3051834511950626],[103.93309203836023,1.3053847406762997],[103.93266991911746,1.3052572295922673],[103.93243603295045,1.3055285732212465],[103.93219086665141,1.3055995664173774],[103.93208015571446,1.3055476512920166],[103.93209168294251,1.3054500528413482],[103.93150134539975,1.3050492848406798],[103.93122080953762,1.3049310141487656],[103.9303881760343,1.304838436179432],[103.9295640796432,1.3042962587179379],[103.9294852275444,1.3043130991902316],[103.92953077827727,1.3044518882945078],[103.92937729353869,1.3044829708369245],[103.92807887606006,1.3036503999991491],[103.92788648203603,1.303764165357472],[103.92748443442328,1.3037429858550944],[103.92700143273386,1.3034150039812826],[103.92703066179892,1.3035445186015122],[103.9269600035912,1.303660240894566],[103.926664269788,1.3036563034916224],[103.92636889499438,1.3035188729325722],[103.92600551256723,1.303174252443911],[103.92593193907153,1.3032060815302875],[103.92598760420796,1.3033365664753083],[103.92592308220114,1.3035037178637472],[103.92582074034257,1.3035701959897381],[103.92520098026424,1.3035875048256311],[103.9245854835605,1.3033495594333164],[103.92400527283782,1.3029863283946803],[103.92386729123136,1.3028060168427398],[103.92372118992253,1.3028141993774407],[103.9238138240735,1.3030286694880788],[103.92368161662553,1.3032042112474091],[103.92327251437872,1.3032017796770314],[103.92146260141735,1.3023825031992253],[103.92151867300078,1.3025287757248152],[103.92146731487838,1.3026323696824569],[103.92109152958773,1.3025704954622903],[103.91977067460891,1.301823198710421],[103.91950863060718,1.3019927876980983],[103.91925534469817,1.3020035266734877],[103.91867892597091,1.301908592700717],[103.91796579151855,1.3016671653221923],[103.91768616840972,1.3018409256459935],[103.91749494957855,1.301800715017513],[103.91618902359654,1.3012225824581727],[103.91541153885602,1.3006870347117567],[103.91457319639007,1.3005559355764393],[103.91323923971471,1.2997764592379961],[103.91188944975231,1.2991735823013466],[103.90813925497653,1.2982106676066398],[103.90543934378299,1.2977166553517026],[103.904354852758,1.2973860461830187],[103.9035330382853,1.2969807965607743],[103.90121192780262,1.2961808154010581],[103.90059312675756,1.2958548114328667],[103.89879285296794,1.2954397656538235],[103.8956861417201,1.2940679546029885],[103.89556908012214,1.2939780410745263],[103.89558452824922,1.2938096028403998],[103.89485239088282,1.293224809098806],[103.89471074182684,1.2932546005018914],[103.8945842733139,1.2934583315377162],[103.8942307843922,1.293620544172523],[103.89375668118139,1.293659870104549],[103.89340500846103,1.2935687855039042],[103.89308951523701,1.2933867969084112],[103.89078349752542,1.2912723958795063],[103.89080554917231,1.2910563870345688],[103.8900903267812,1.2903854498109715],[103.88993750195965,1.2903837195710226],[103.88977623304139,1.2906444143630675],[103.88941544502156,1.2908343063685437],[103.88908257334474,1.2908827406410006],[103.88868796921578,1.2908089197159323],[103.88837292592095,1.2906269250604951],[103.88604882369523,1.2885760631389989],[103.8861158130843,1.2884689497161952],[103.8860738028112,1.288342378449336],[103.88540322989424,1.2877568208287378],[103.88527774948345,1.2877493253188366],[103.88517519362453,1.2879242667877304],[103.88468797624307,1.2881026029278302],[103.88419437377209,1.2880548787210706],[103.88385661832808,1.2878532646436676],[103.8810344503097,1.2849038889181519],[103.88106446830824,1.284688372844568],[103.88027828284845,1.2838789902198746],[103.88009841650559,1.2838575040249665],[103.87902935622749,1.2828908734441042],[103.87594432885791,1.2807862524518858],[103.8763526492794,1.2807088892584424],[103.87697461644167,1.2807250329267665],[103.87717855493275,1.2807656273625176],[103.87722862007725,1.2809423466174572],[103.87741399364612,1.2810165305278447],[103.8775986715313,1.28083349239046],[103.87748602968186,1.280581156075688],[103.8770214832762,1.2804597666735833],[103.87612493478512,1.2805565778721888],[103.87530727143536,1.2809364246492476],[103.87375042475797,1.282194540519761],[103.87369999190273,1.2821573366609187],[103.87385669169565,1.2819900583524346],[103.87368369042852,1.282145310677689],[103.87144334887502,1.2804932481084017],[103.87143258028252,1.280214998751883],[103.87155659060669,1.280000424602701],[103.87176662596514,1.2802050873236817],[103.87184420440224,1.2801766918126234],[103.87156933869908,1.2799759920935596],[103.8719189127497,1.2792357660920428],[103.87211050591556,1.2785043943725591],[103.87201446586673,1.277610693538903],[103.87159098198552,1.2767724170903556],[103.87105720758645,1.2762460123806296],[103.86306531368727,1.270367963234544],[103.86321849515086,1.2701502555049018],[103.8599740266095,1.267795222753479],[103.86173371245094,1.2653378906789519],[103.86085891757563,1.264703275632705],[103.85909891862681,1.2671609761143354],[103.85719227331622,1.2658372782109406],[103.85659781662586,1.2656553389797132],[103.85586341313113,1.2656369561470355],[103.85526151772432,1.265788408106584],[103.85467929342016,1.2661094960249946],[103.8526131914433,1.2681059025408703],[103.85156581997525,1.2681054480474845],[103.85157062278753,1.264140650369279],[103.85165857204542,1.2641408749330465],[103.85165519067861,1.2638574749977591],[103.85174701170246,1.2638576362256202],[103.85174349145079,1.2641409557214072],[103.85184347078042,1.2640876065142248],[103.85179705793574,1.2635716213891224],[103.85121830410861,1.2635414920213484],[103.85066856977984,1.263042856029542],[103.85206964851126,1.2614581545484334],[103.85119563290715,1.2607268730797663],[103.84570064866524,1.2668370847769523],[103.84428335141821,1.2655408195841615],[103.84673383165831,1.2624279383460055],[103.84594348772218,1.2615430030352754],[103.83945091921528,1.267619627140245],[103.83892146910354,1.2676622872428454],[103.83208107395701,1.2674142618520428],[103.82464004985597,1.263157582111123],[103.82411838839664,1.2630845663897823],[103.8241122074574,1.2612808509540359],[103.82440711369729,1.2601936161625449],[103.8304213697404,1.263628070224642],[103.83608695869064,1.2638502258663862],[103.84247597686701,1.2578985222263348],[103.84240940347873,1.2577898756558061],[103.84007293772297,1.2566304161828104],[103.84014061196203,1.256499148315827],[103.83927049525882,1.2560445179730286],[103.83919581430507,1.2561993409273875],[103.8363555501641,1.254808398776681],[103.8312639687343,1.2564198607788746],[103.83128553159641,1.2564938613754748],[103.83172885447136,1.2566452524066374],[103.83169443801627,1.2567458195939478],[103.83154264575155,1.2567481192941334],[103.8315337376804,1.2568137789078961],[103.83183349619829,1.2569462125160422],[103.83189865388493,1.2571626886196132],[103.83134320580025,1.2573297778453887],[103.83124809120925,1.2570532681398605],[103.83130783963804,1.2573485316371737],[103.83123119139941,1.2573734178951284],[103.83113063981942,1.2570892572521934],[103.83118684801983,1.2573931312093443],[103.83106314463566,1.2574350357654662],[103.83088804312989,1.2569320973711628],[103.83060299785073,1.2570301537779067],[103.83050471154243,1.2567491430161686],[103.82971158797444,1.256852501014271],[103.8293249703695,1.2567924460810926],[103.82874672463619,1.2569940805586428],[103.82869889653934,1.2571303963300788],[103.82855977239352,1.2567659921071967],[103.8284856840552,1.2567924238487957],[103.82843640261682,1.256665707735181],[103.82783163033189,1.2569194424322896],[103.8281922240738,1.256836738982936],[103.82824415258887,1.2569553022547901],[103.82855209707233,1.2568089358700771],[103.82868250371995,1.2571508132473113],[103.82800041088355,1.2574747726970437],[103.82681144467469,1.2576638338342845],[103.82618291479598,1.2579416458996384],[103.82501921000858,1.2588321924360928],[103.82439336724286,1.2596154889838023],[103.82441701624127,1.25971438319527],[103.82421292519385,1.2601215059364679],[103.82402322987042,1.2601577730136844],[103.82400165851642,1.256707328027501],[103.82411431458449,1.2566560780600209],[103.82399545831528,1.2565513006080609],[103.8240088381426,1.2563490384974825],[103.82428089716703,1.2562428868935527],[103.82441850797089,1.2559578857513882],[103.82522423964309,1.2552695218470027],[103.82681900499061,1.254728082940028],[103.82766390676385,1.254583357561233],[103.82951769399959,1.2545003067629625],[103.83014248530067,1.2545712903188777],[103.83084222552911,1.2547772774229695],[103.8320779306862,1.2547038628571645],[103.83275735722574,1.2545656914798502],[103.8331387460613,1.254352101294348],[103.8342485640499,1.2534776840636332],[103.83518719588116,1.2532347837509765],[103.83656020262394,1.2532013019093549],[103.83696918248486,1.2532857591254172],[103.83715262238866,1.2531885215238097],[103.83727648019392,1.253260825331346],[103.8373000496847,1.2533819252126526],[103.83835302705418,1.2540756645959736],[103.83920465092038,1.2539941415321263],[103.84004009171687,1.2537128548281977],[103.84017970650127,1.2535439470947636],[103.8403772498071,1.253519590205981],[103.84147019399059,1.2537216339427533],[103.84180614062566,1.2534868705375046],[103.84189535912662,1.2532030479130318],[103.84182547607126,1.25237165262045],[103.84227356534247,1.2521976621225708],[103.84380748806208,1.252408699051842],[103.84469338511295,1.252636577261405],[103.8449974755492,1.2529569110852037],[103.84569714301256,1.2532048847703128],[103.84646267157888,1.253213843279606],[103.848423497612,1.2521141608564772],[103.84824221445827,1.251218912787558],[103.84806212011175,1.2507944409993141],[103.84583822935443,1.2473720636118653],[103.84494566408489,1.2462945790425426],[103.84420291905589,1.2450417841557804],[103.84365645107184,1.2444109916550612],[103.84211439637699,1.2429684190405899],[103.84158675327896,1.2422934821544043],[103.84095724529551,1.2418302410702566],[103.83973362173583,1.240432385117802],[103.83831474216485,1.2395410820013522],[103.83731810702379,1.238768059433447],[103.83640527934526,1.2385937171272061],[103.83641948421544,1.2386863322496549],[103.8368726109381,1.2388726218735404],[103.8371027844578,1.2391884448836794],[103.837128700015,1.2394185153601887],[103.83671800981081,1.2394193569800802],[103.83654224112091,1.2391661078055578],[103.83622100068472,1.2390443173121442],[103.83527666998661,1.2390773003785567],[103.83488617140654,1.2389783088197224],[103.83386286925969,1.2380837373612812],[103.83310881026772,1.2378050500218214],[103.8324587823534,1.237910950151358],[103.83157298149425,1.2384629923359827],[103.83029429898733,1.2397006240308375],[103.82997482054897,1.239760647266756],[103.82980178205072,1.2396151428148277],[103.82978807083721,1.2400912458682998],[103.83002571181555,1.239959008990648],[103.83035645949245,1.2399664713031888],[103.83044895329124,1.2402349774407564],[103.83031958953323,1.2406846439615669],[103.83007499534422,1.2411251708191833],[103.82992575745051,1.2412298934086776],[103.82961433040421,1.2413588581789294],[103.82911745509287,1.2414284392881363],[103.82893353496947,1.2420863285018897],[103.8285051280739,1.24261552337939],[103.82789244839803,1.2428694525552888],[103.82736407980893,1.242778960624823],[103.82714205457627,1.242628347130002],[103.82708693135902,1.242456468775425],[103.82720602118752,1.242366171808064],[103.82736892368584,1.2424107121694339],[103.82749562494503,1.2423038345744846],[103.82750819558952,1.242176518068964],[103.82715304161286,1.2419105344066803],[103.82716262321722,1.2420250180205674],[103.82565723222746,1.2437397980836098],[103.82412390744516,1.24527196773371],[103.82367835680805,1.2458524989343267],[103.82349992121569,1.245841268767919],[103.82355662093217,1.246081136467391],[103.8233010540875,1.2465290368191793],[103.8233637692252,1.246585937001978],[103.82364346637573,1.246278398729646],[103.82376243740035,1.2463229391519448],[103.82376802602523,1.2461319200657845],[103.82396465010986,1.2462556831503602],[103.82407528428017,1.24665222053925],[103.82395364020417,1.2470913888736688],[103.82355909469618,1.2477536269047111],[103.82328867068098,1.2479284595603826],[103.82251488825564,1.2480897029703264],[103.82231934692518,1.2483748222590338],[103.8219747682016,1.2485531832957886],[103.821718793259,1.2491279071241648],[103.82102428900428,1.2497305620186294],[103.82052261135655,1.249742263898071],[103.82003035732082,1.249603534537216],[103.81998613686386,1.249489627714142],[103.82011568832635,1.2494949758843468],[103.82048402048076,1.2491906018796577],[103.8200497853825,1.2490469612007582],[103.81987455406122,1.2487961807552164],[103.8197701621744,1.248989615778873],[103.81879446455011,1.2493708800165821],[103.817847640873,1.250051821718736],[103.81774940368851,1.2500953418966037],[103.8176894840555,1.250013861858111],[103.81745849318523,1.250176440893769],[103.817405519475,1.2503439425563385],[103.81716023949961,1.2504691087968143],[103.81714174450373,1.2505667222351862],[103.81726388981136,1.250659836422843],[103.81706526123942,1.2509519433142757],[103.81634545444211,1.251454631877613],[103.8161793535008,1.2513054105474077],[103.81604452011655,1.251345174590303],[103.81605134800375,1.2514867077743916],[103.81628736360378,1.2516086720066064],[103.81583541356552,1.2523233290612812],[103.81546076623054,1.2525322448023035],[103.81485423124197,1.25258940096461],[103.81450740237618,1.2534082648907072],[103.81408085592358,1.2537173222054132],[103.81344684770735,1.2538285787586667],[103.81329932324036,1.2543530551063133],[103.8129645908977,1.2547791802815598],[103.81257415122451,1.2550023202283278],[103.81197652939959,1.255124142403221],[103.81166510375967,1.2556524427583409],[103.81109674405704,1.2561054886689305],[103.81069009475101,1.2563058200989194],[103.81035598785981,1.2563381545443622],[103.8099817039426,1.2561858950205613],[103.81002134083204,1.2558762407876145],[103.81062819580862,1.2551749291579102],[103.81080092788454,1.2553163281366837],[103.81092718085172,1.2552460238894843],[103.81047911510665,1.2547957728045402],[103.8105576725782,1.254904441998409],[103.81050263648343,1.2550401324474885],[103.8095704219145,1.2558676506596007],[103.80909959694202,1.2564480442729644],[103.80885108059539,1.2569389005289329],[103.80877682541181,1.2573950615445117],[103.80826661011062,1.257892234949249],[103.80807989465289,1.2579822174563164],[103.80796850202488,1.2581712196125314],[103.8076249790482,1.258399506896136],[103.80744569174296,1.258665816187397],[103.8071469157104,1.258781079026679],[103.80694296377968,1.259214553570255],[103.80669840363265,1.2594654562819472],[103.80672653384964,1.2598284008508291],[103.80719100111749,1.2598730794040385],[103.80725916354311,1.259976788146895],[103.80740024720615,1.2599847669675999],[103.8076590047175,1.2598569502157517],[103.80819584459668,1.2597650973218273],[103.80876445563824,1.2600522459029941],[103.80919337773706,1.2598324367887457],[103.80972657647781,1.2597670922894981],[103.81000399827366,1.2596245126160137],[103.81049194393448,1.2595948130969625],[103.81249403251365,1.2590255475695178],[103.81267357543393,1.259099897761225],[103.8140419274943,1.2590616455315724],[103.81445758481975,1.258977009973299],[103.81473572425728,1.2588275765132975],[103.815400840817,1.2593657218145027],[103.8162397783763,1.259781256095807],[103.81702335893694,1.2599982002383951],[103.81735084652595,1.260002208618089],[103.81758535654241,1.2599024902428142],[103.81788984104963,1.26002152008345],[103.81830144525946,1.2599157497781135],[103.81854620901329,1.259701966523113],[103.81878201049294,1.2597019678589452],[103.81919523777363,1.259353626813697],[103.81955861003316,1.259335153497761],[103.81973875788418,1.2588907738736983],[103.81990476287764,1.2589587676183034],[103.81977888161762,1.2592686087652072],[103.81994712671504,1.258976119890076],[103.82011273097513,1.2590440268003067],[103.82004755703746,1.2592035410906262],[103.82009580710915,1.2592299876852995],[103.82070413102387,1.258733983560113],[103.82096293891325,1.2586244381627163],[103.82129282087617,1.2586394277587039],[103.82154959698744,1.258366906662249],[103.82179102819282,1.2584463932996603],[103.82182216740784,1.2583005935088434],[103.82203561974082,1.2582715254411134],[103.82230322419612,1.2585772065124377],[103.82248012491975,1.2584037012011822],[103.82270079838177,1.2584641109900931],[103.82276126793083,1.258627624965834],[103.82296862124504,1.258550419252091],[103.82326781705792,1.258913569133863],[103.82334776173863,1.2594625045755845],[103.82323327035567,1.2596122669880585],[103.82316256836447,1.26012348258209],[103.82339836629107,1.2608350135162325],[103.82342262730558,1.261846088323542],[103.82325054746629,1.263073196182963],[103.81990718751076,1.263090051895252],[103.81986318329179,1.2619466620375448],[103.81806074294923,1.261958415092178],[103.81806020435917,1.2621758009309345],[103.81962615846204,1.2621651553864783],[103.81971239909744,1.2622511700018662],[103.8197167533934,1.2629399163536472],[103.81956889106158,1.2630905113404698],[103.81956985081337,1.2632385821288314],[103.81576085929694,1.2638390573890863],[103.81505249911763,1.264409173215498],[103.81311289041646,1.263530264276186],[103.81344426207404,1.2630374385653624],[103.81341130438487,1.2629760500144689],[103.81154529802231,1.2627231564053027],[103.8114547090727,1.2625984527496568],[103.81130930880711,1.2625783655675455],[103.81129340224739,1.2628805318655767],[103.81120992894334,1.2628427015640729],[103.81119686341684,1.262945681494443],[103.81071690368043,1.2629301674765387],[103.8104050935873,1.2631024553019703],[103.81027653551531,1.2636795023256808],[103.81042811625221,1.2638688686598283],[103.81085845873558,1.2639385808965393],[103.81107506686998,1.2640636564518575],[103.81124345875833,1.2643088402910654],[103.81131884272838,1.2646539104400443],[103.81156715950323,1.2648580548560393],[103.81191823347294,1.2649464594728808],[103.81215347006437,1.2648572096348956],[103.81231678883802,1.2646743935880065],[103.81246591273893,1.2642454997001578],[103.81261747739028,1.2642213815070646],[103.81293618527266,1.2644249656509843],[103.81276817900041,1.2642541207255429],[103.81311420784277,1.2637396573420607],[103.81302100455683,1.2636659146879463],[103.81493865431912,1.2645119435413832],[103.81301145053536,1.266197675370679],[103.81240469629128,1.266416662493045],[103.81153978599,1.2664385138215206],[103.81119059837131,1.2663952008046682],[103.8101868773139,1.2649933358374057],[103.80988533566781,1.2652326642597584],[103.80970645951078,1.2650162119140593],[103.80949808654603,1.2651725113944006],[103.80859488396788,1.2649951831430712],[103.80758270901163,1.2654825364137714],[103.80721789258375,1.265881555743055],[103.80627931114194,1.2650059227354955],[103.80652612427447,1.2646873166360615],[103.805526847325,1.2637562532974127],[103.80568217762541,1.2636592111803544],[103.80563573960355,1.263581797042387],[103.80538084498889,1.263740078057598],[103.80540878598309,1.2627080387776466],[103.80536689398566,1.2625159195543139],[103.80514180780644,1.2622988631873482],[103.80412534918945,1.2630992420090048],[103.80242543128483,1.2648078569652108],[103.80100080433661,1.2658892410667708],[103.80129864314563,1.266451373591164],[103.80090550267714,1.2668017060658845],[103.80031503460508,1.267197724467382],[103.80017621182085,1.2672189879188045],[103.79921008684282,1.2682016382651609],[103.79831373514591,1.266632612865869],[103.79399172115856,1.269205938637962],[103.79372513743158,1.2687568685815338],[103.79391058393416,1.2686453605377073],[103.79381849465766,1.26849004079857],[103.79358701675298,1.268629072467879],[103.78551368947726,1.2550124484313152],[103.7785694009962,1.2591833489616238],[103.78663266419264,1.2727907252882598],[103.77687184508166,1.2786698560272638],[103.77067283376248,1.2682407324156113],[103.75024302212178,1.280494919197711],[103.75022542652525,1.2805644009086827],[103.7530115630177,1.2852695617256027],[103.75649395024547,1.2858523332433096],[103.76912961419674,1.2783087166771612],[103.77228709920117,1.2836459415027024],[103.76073046451668,1.2905982807721283],[103.76199330105553,1.2928509160183954],[103.76288809176364,1.2943055638867227],[103.76305599904839,1.294458776002252],[103.76262396628141,1.2950791088861133],[103.76244982808585,1.29506987947717],[103.76231153056166,1.294945776925361],[103.76210888186792,1.2951209121708556],[103.7621577562025,1.295349683312859],[103.76185223845292,1.2957580158626971],[103.76145665594785,1.2960424822800267],[103.76100456552413,1.2965894187909732],[103.75994689704977,1.2976085341271253],[103.75968494513886,1.2979034938505134],[103.7593628453982,1.298513007678646],[103.75857077695514,1.2992893102153535],[103.75596137723835,1.2974037832729743],[103.7554439140882,1.297144865974669],[103.75430290734377,1.297167448517523],[103.75434114892201,1.2970650314050767],[103.75274122564349,1.29683451706173],[103.75274707812258,1.2967692040864853],[103.75193512456165,1.2966717535324606],[103.75141419057516,1.2967877249099045],[103.75111288153451,1.296668084919446],[103.75063608825381,1.2967068511271331],[103.75021137011117,1.2965775013388987],[103.7490826913554,1.2965027154096354],[103.74846742892512,1.2967883507079916],[103.74733069031372,1.2968713887668635],[103.74694808586534,1.2971215290105729],[103.74678840496212,1.297066681995921],[103.74601050182812,1.2972871209044634],[103.74603379445496,1.2973746234294719],[103.74520643545173,1.2975925127672163],[103.74415239498302,1.2980546723773687],[103.74384240154845,1.298478166741221],[103.74389209633529,1.299093099654736],[103.74483041187165,1.3008824391274845],[103.74370283656884,1.3009908313770668],[103.74343084807114,1.3013222166642906],[103.74085592871587,1.2988138460795562],[103.73979501580354,1.299034320480119],[103.73983015203564,1.2991921766460115],[103.7394497538673,1.299331970730797],[103.73789121297008,1.2994768868654327],[103.73709251251702,1.2997948305849423],[103.73661127914438,1.2998038918935348],[103.73492718123875,1.3003326077368624],[103.73425220357333,1.3003468791538926],[103.73395248760102,1.300518035260224],[103.7334362359798,1.3005523814661508],[103.73261418753093,1.300855997642509],[103.73209105992106,1.3008744409628543],[103.73064264801204,1.301242088056531],[103.73006468929358,1.3015500750850095],[103.72965423464609,1.3016309326356175],[103.72800723641939,1.3004647987706028],[103.72808108145298,1.300247364906034],[103.72797788547106,1.3002052082026538],[103.72807825972804,1.3000375977278502],[103.72795500030242,1.3001874636342865],[103.72790208949405,1.3000808822008962],[103.72251398698508,1.3027638907746957],[103.71584766686506,1.3084171732314682],[103.71219993009207,1.308439453085098],[103.71222289926529,1.3072097243909484],[103.71232640860394,1.306918002798289],[103.71263034126785,1.3064732519212823],[103.7145275471363,1.3062972815680411],[103.71529157560984,1.3058182777154697],[103.71535832477399,1.3058988315618756],[103.7209170337859,1.301184028491077],[103.7206737120808,1.3008929573682577],[103.72082646109054,1.3007668417565088],[103.72086265419107,1.3005691496182483],[103.72040535035698,1.2999427762757416],[103.72039900335834,1.2998144287879072],[103.72196519097916,1.299797622460793],[103.72196392998507,1.2996822663713385],[103.72272663536006,1.2996745225766981],[103.72272540978933,1.2995702783956473],[103.72196274670685,1.2995773448265366],[103.72196165661502,1.2994784011258058],[103.71187750931503,1.2996101603407488],[103.7118089256739,1.2933465584784845],[103.71191123590567,1.2925396547316308],[103.7121499382093,1.292053762007944],[103.71258057294848,1.2915892539553735]],[[103.82733291369233,1.36926807206638],[103.82734894590585,1.3691634782287063],[103.82736324756384,1.3691125123219545],[103.82738162233642,1.3690628866547117],[103.82740394835993,1.3690149303502182],[103.82743007756558,1.3689689614603058],[103.82745983666143,1.3689252848560443],[103.82733291369233,1.36926807206638]],[[103.82824257157864,1.366576866001236],[103.8283000412996,1.3674716423577111],[103.82830004124749,1.3674716424509503],[103.82824257157864,1.366576866001236]],[[103.82184002148763,1.3613880263826845],[103.82173880875295,1.3613715655598535],[103.82291539811933,1.3615629181790478],[103.82184002148763,1.3613880263826845]],[[103.82113396323624,1.3612887618805376],[103.82125502987095,1.3613698560302088],[103.82123996306734,1.361366583527986],[103.8212252303022,1.3613620236676534],[103.82121093995269,1.3613562099924568],[103.82119719714152,1.361349185268956],[103.82118410296351,1.3613410011724247],[103.8211717537421,1.361331717906717],[103.82116024032062,1.361321403761395],[103.82114964739412,1.3613101346093788],[103.82114005288628,1.3612979933488083],[103.82113396323624,1.3612887618805376]],[[103.83235050314511,1.3497965177668916],[103.83240779552324,1.3497854664560898],[103.83228625586565,1.3498624730383326],[103.83235050314511,1.3497965177668916]],[[103.83285197317764,1.3496998594476524],[103.83296002537182,1.3496790681283068],[103.83274242038149,1.3497209763329803],[103.83285197317764,1.3496998594476524]],[[103.83610182488803,1.3428252771812257],[103.83607617096986,1.3428084922054255],[103.83615471419273,1.3428597153201012],[103.83610182488803,1.3428252771812257]],[[103.8234522993759,1.2578291981251675],[103.82330395704702,1.257453215909472],[103.82360274582537,1.2573103517809443],[103.82358852434409,1.2567030886544832],[103.82351559966358,1.2567003517708928],[103.82361170282431,1.256702645602498],[103.82367782274879,1.2601776777278872],[103.82356013258311,1.2600860705306145],[103.8234522993759,1.2578291981251675]],[[103.82359361411906,1.256567735062722],[103.82350819560517,1.2565058047233741],[103.82362712068371,1.2564635505203061],[103.82359361411906,1.256567735062722]],[[103.7675441029244,1.331536602422209],[103.76763947654165,1.331537488803642],[103.76768681963233,1.3315313099091117],[103.7675441029244,1.331536602422209]],[[103.76711933876271,1.3312212976606095],[103.7671258715522,1.3312361504316066],[103.76712930944186,1.3312434982567147],[103.76711933876271,1.3312212976606095]],[[103.85777935806448,1.4253649183677193],[103.85788783156053,1.4254532201897812],[103.85812964801285,1.4253794621949996],[103.85828040482669,1.4251416092670057],[103.85885721426256,1.4249047898284746],[103.85909624768126,1.4249112660131278],[103.85921811930616,1.4247675576180434],[103.85991169869794,1.4245341017312492],[103.86019822578517,1.4242710542385766],[103.8616606331677,1.4235389107469671],[103.8619755347796,1.4234987368032774],[103.86215029477928,1.4235949706728996],[103.86239101656466,1.4235334392449632],[103.86251078842135,1.4232163099110822],[103.8630519271502,1.4229612769021067],[103.863201716597,1.4229469643034285],[103.8632359336459,1.4231271474826883],[103.8631529554268,1.4232921135556096],[103.86344701737185,1.4234296507759112],[103.8618390024453,1.4242648811148695],[103.85761506605061,1.4262364120751598],[103.85731816375406,1.4255031073195692],[103.85777935806448,1.4253649183677193]],[[103.89626076896005,1.3467903753643604],[103.8962443923205,1.3467863340826138],[103.89623618866169,1.3467843773570176],[103.89626076896005,1.3467903753643604]],[[103.86960757595365,1.426159626589458],[103.8693582585146,1.4264738978095728],[103.86736150797812,1.4247169007600506],[103.86827094374058,1.4246911506819815],[103.86908827261674,1.4245242377466736],[103.86960379535881,1.4245949147050028],[103.8699647973157,1.4244947949949471],[103.87059794713129,1.4254416363579827],[103.87043140283279,1.4254800482930754],[103.86960757595365,1.426159626589458]]],[[[103.66055219243685,1.3973496727190542],[103.66073170590518,1.3980959593051305],[103.6610259338833,1.3985676237609581],[103.66080131656845,1.3987521834040217],[103.66081346773426,1.3988546247711047],[103.6609136440212,1.3990118352607699],[103.66125305120782,1.3992437300883338],[103.66133195599194,1.3992217029892515],[103.66151555527995,1.3990465311480347],[103.66190823045073,1.3979252495156],[103.66187581728319,1.3974131541872576],[103.66164992271486,1.3971721672467892],[103.66130068803214,1.3970266372548652],[103.66112829338634,1.3968050889111279],[103.66099604507707,1.3967725303362941],[103.66028857676875,1.3970829285105741],[103.66055219243685,1.3973496727190542]]],[[[103.68425413793723,1.4342206679717353],[103.68444590303594,1.4344955682071472],[103.68500009545201,1.4347577297652707],[103.68531719350452,1.4350485657160952],[103.68547931298376,1.4350351474135055],[103.68565254790798,1.4348978152141012],[103.68570977956571,1.4346965407817065],[103.68546770152905,1.4343749406973663],[103.68545132352723,1.4339170699190535],[103.68527177917387,1.4335304756707064],[103.68431901958668,1.4340860156262136],[103.68425413793723,1.4342206679717353]]],[[[103.75886752714497,1.1963116735556842],[103.75534810775655,1.1963110271185737],[103.75534842110167,1.1972418896853525],[103.75887004841684,1.1972424910406891],[103.75886752714497,1.1963116735556842]]],[[[103.7604028421849,1.2130979940955444],[103.76087108547671,1.2131849686539857],[103.7615249752263,1.2128699317652452],[103.76115009444109,1.2123896371570664],[103.76121890706074,1.2120199392380537],[103.76101728313527,1.211817573184705],[103.76103279391458,1.2114549740041756],[103.76113587069007,1.2113478050318243],[103.7610676582923,1.2110051294706736],[103.76126039474637,1.2110116261647128],[103.76150963081247,1.2107049310974485],[103.76144306193436,1.2102191389664616],[103.76151006380786,1.2100593729697053],[103.76141912245514,1.209960612109894],[103.76083652186195,1.2098553763854931],[103.76144350350341,1.2098968107341042],[103.76168469169063,1.2101291819119195],[103.76192291127064,1.210188217927655],[103.76203149950747,1.210113067189685],[103.76202254327144,1.209900946398269],[103.76209639895642,1.2098792770589335],[103.76216502330102,1.2101063820369307],[103.76237658972076,1.2102215602715358],[103.76248273767308,1.2104199951555688],[103.76268464759708,1.2103695540874038],[103.7628872132296,1.2100482467378892],[103.7628939342522,1.2098337722935104],[103.76260118596359,1.2093823193178694],[103.76239886502036,1.2085854131201499],[103.7626441904679,1.208415077030965],[103.76297462230853,1.208447817337735],[103.76306659623607,1.2083650938721089],[103.76301210310133,1.2081947833869777],[103.76260290434955,1.2080808136956145],[103.76214826541575,1.2078181470961724],[103.76180774867873,1.2074103238655163],[103.76137043655613,1.2074324076906944],[103.76093576953363,1.2077646144556644],[103.76085450152168,1.207942526137359],[103.7608041883936,1.207806950567958],[103.76061752648934,1.2077525642896625],[103.76101092840551,1.2076260153414187],[103.76122054883146,1.2073841169479798],[103.76158494769271,1.2072875395926121],[103.7620120430325,1.2073946285905008],[103.76223308528995,1.2077390789125038],[103.7627836591642,1.2080088337036388],[103.76289883154313,1.207900687346965],[103.76291686415453,1.207712326726044],[103.76302037550985,1.2079229668271445],[103.7632319579213,1.2079352174270126],[103.76327039162354,1.2078022596216056],[103.76314148823639,1.207628341504778],[103.76254344842329,1.2073679050237052],[103.76251082294428,1.2072823313671937],[103.76289001472084,1.2074009984585115],[103.76295622778736,1.207266517527101],[103.76318099378,1.2073233789764628],[103.76322327424243,1.207146157137191],[103.76333269104344,1.207375722117686],[103.76344220527432,1.2074147790412468],[103.7635314900654,1.2067971182978678],[103.7633349448564,1.2062024210280964],[103.76322256370884,1.2061209466075322],[103.76334771231767,1.206147719950812],[103.76352572763862,1.2063845397037183],[103.76358916529767,1.2067026751645165],[103.76352090273168,1.206944351322582],[103.76358477832173,1.2071078331832281],[103.76504152586801,1.2078040739275606],[103.76596035021593,1.2081478686803075],[103.7665309522671,1.2082775552089555],[103.76726996406077,1.208276647325603],[103.76777225756176,1.208147624795062],[103.76895242040462,1.2076505997945008],[103.76955884600254,1.2075593122162345],[103.77001875202768,1.2075817802243987],[103.77088580982398,1.2078583642401153],[103.77209138394109,1.2086788525046908],[103.77326825432358,1.2092794116377592],[103.77441410971639,1.2097007760191845],[103.77528846946933,1.2098761088442824],[103.77528559540217,1.2102856983859387],[103.78042461562302,1.2103723672812257],[103.78045094612106,1.2097927367307497],[103.78057131402917,1.209777335943534],[103.78069810961537,1.2096370325155257],[103.78107543605458,1.2086471064911464],[103.78133650776827,1.2073899798820122],[103.78153356492926,1.205787165682163],[103.78174790015964,1.2017946130991837],[103.78163285418047,1.2010138978290057],[103.78135467711854,1.2001975772955074],[103.78078128414866,1.1992700132335776],[103.78001404007344,1.198560672189811],[103.77932706998524,1.1981360773160643],[103.77687800361875,1.1970121713507562],[103.77620417278,1.1964837639313466],[103.77596566254057,1.196095048348871],[103.7758720791618,1.1957513912718465],[103.77568764715289,1.1932706642532191],[103.77554250415132,1.1926991033636534],[103.77532413563986,1.1922924763055163],[103.77306496671933,1.1900936881340607],[103.77171746444975,1.18912602375707],[103.7707187748488,1.1886080848577107],[103.76944738429084,1.1883291041680195],[103.76831998389692,1.1883315818829807],[103.7674982173071,1.1885423634397947],[103.76650983475342,1.18902942599116],[103.76525211144654,1.1900815874763087],[103.7613008700813,1.1940455653157178],[103.76079414709507,1.1946360930793483],[103.76056184327744,1.1950732640742834],[103.76042418962744,1.1958348901983018],[103.76062987033305,1.1964710620543573],[103.76100860730794,1.1970163416962665],[103.76238441505532,1.1985048999441172],[103.76313159610221,1.1994916898602475],[103.76362814779776,1.2005594644730526],[103.76376134415726,1.2015441393949882],[103.76364834949158,1.2021718760067537],[103.76330768277518,1.2030118267900745],[103.76353568236482,1.2037681981666561],[103.76329104779859,1.2038547621735571],[103.76315251112264,1.203841614550893],[103.76330303023447,1.2036127191952917],[103.76326254605237,1.2034698610690848],[103.7628131988085,1.203079405293729],[103.76287084720451,1.2034681923090653],[103.76258790217108,1.2038586100646995],[103.76205304911188,1.2038108663873923],[103.76181661071931,1.2040700827498887],[103.76156956016452,1.2041496910632103],[103.76158087185733,1.2040683627449547],[103.76179336594781,1.2039772282933126],[103.76204272360384,1.2036998752368535],[103.76247905172997,1.2037640206131017],[103.76259754995745,1.2037009985278362],[103.76273573309325,1.2034157482968648],[103.76260504002487,1.2033492831220494],[103.7624664793902,1.2031167365704742],[103.76263391988496,1.202968995772113],[103.76264825394205,1.2028601115303634],[103.76189211745512,1.2020891641575633],[103.76163915559964,1.2019345120145541],[103.76125051489606,1.2021278467659793],[103.76122469923469,1.2024909602872778],[103.76107611809675,1.202754603981224],[103.7611425825787,1.2030011346785938],[103.7609133655714,1.2029515232551988],[103.7606995758682,1.2020914874632755],[103.75964640500308,1.2010221472524854],[103.75932862323997,1.2012272358709555],[103.75891755233005,1.2018428003770343],[103.75841012179629,1.2030995440564571],[103.75846127253644,1.2036490826764779],[103.75764648321126,1.2061013054321525],[103.75769707401679,1.206196248858328],[103.7578485390125,1.2061930661094755],[103.75771484975658,1.2063744580291942],[103.75794949628683,1.2076131231165703],[103.75803579670348,1.2088508896333892],[103.75878602704381,1.209816443639559],[103.75872588694436,1.2100100257526558],[103.75888911901582,1.2101412997000704],[103.75894312785495,1.2103030359581426],[103.75892461914883,1.211234011936791],[103.75920562760909,1.212092736535712],[103.75919999730213,1.2142795344054376],[103.75887059988679,1.2147077039632388],[103.75875807656041,1.2150203351694104],[103.75898315520527,1.216542561615075],[103.75878548057032,1.2171093096717118],[103.7589007060715,1.2174106417366795],[103.759005199897,1.2173774426995227],[103.75907690375783,1.2172281820211532],[103.7595509095472,1.2152430143637465],[103.75948974933115,1.214550883431787],[103.75972933136546,1.2140790214749948],[103.75976798037468,1.2135695640810042],[103.76010264388059,1.2129007449074192],[103.7604028421849,1.2130979940955444]],[[103.763547611932,1.2038024060722705],[103.76366552391009,1.204179905441879],[103.763621521903,1.204218858918903],[103.76353529730201,1.2041764989646484],[103.763547611932,1.2038024060722705]]],[[[103.79308394955532,1.210525237508179],[103.79445844117947,1.2091840487987635],[103.79500326199997,1.2089439286350412],[103.7950971139084,1.2085977009721083],[103.7953264480646,1.2083871914977133],[103.79625484168311,1.2078588896054843],[103.79661012762038,1.2079066295715453],[103.79695630250208,1.2074920578478943],[103.79693650285253,1.2072901661758793],[103.79703182897251,1.2070751383383453],[103.7984027513967,1.204765582010187],[103.80071960149475,1.2025074188391869],[103.80132895335728,1.2018045524523124],[103.80155489710526,1.2014538250441154],[103.80152973451042,1.201046579990624],[103.80138470116621,1.2006729668761706],[103.80116193414253,1.2006016369523365],[103.8008311735049,1.2006643236210668],[103.79842639764951,1.2014347768625362],[103.79352726505229,1.2045166777164913],[103.79310748986784,1.2050769800403336],[103.79239750692712,1.2066382474295032],[103.79216888409232,1.2069838914381454],[103.79190473411224,1.2079147604569687],[103.79197640178381,1.2095482169343317],[103.79183979488371,1.2105823383416312],[103.79200147047919,1.2107250586966434],[103.79241294359011,1.210826136831555],[103.79308394955532,1.210525237508179]]],[[[103.7868388832532,1.2150982581210044],[103.78655341703916,1.2150283095654124],[103.7865339896925,1.2151118816047857],[103.7862507919725,1.215264859050455],[103.78620403857845,1.2155255586481901],[103.78647689695664,1.2156941198955293],[103.78687760852796,1.215668081148864],[103.7871498628676,1.2154308799281393],[103.7871701458359,1.2152266927256083],[103.78708200513248,1.2150097521088443],[103.7868388832532,1.2150982581210044]]],[[[103.75739694519058,1.2366594356991536],[103.7578403221561,1.236238883682896],[103.75894013400573,1.2325873804841814],[103.75935534771548,1.2316120648331397],[103.75984605019481,1.2311999905306423],[103.76135676404117,1.2304388408011397],[103.76360790741323,1.2297707554821182],[103.76398740194784,1.2299781362400162],[103.76490846985578,1.2301480088888026],[103.76573243076805,1.2301566305312195],[103.76723779631203,1.2298731103612848],[103.76727565161175,1.2300298051477623],[103.76820462438988,1.2295943132143499],[103.76813386959243,1.2294430555747107],[103.76879302225271,1.2291411323465748],[103.76920712120359,1.2288104704655114],[103.76978494786522,1.2285761544133753],[103.77028769758387,1.2281554387333697],[103.77024929096545,1.2280528077959982],[103.77077952826849,1.2274283130562336],[103.77004784174629,1.2264555700418238],[103.77007213163834,1.226331283770372],[103.76993259182157,1.2263224267169002],[103.76889550781168,1.2249955992309673],[103.76766787792532,1.2250687775642324],[103.76762291002048,1.2249474378392544],[103.7674579926598,1.225080402510044],[103.76382863884298,1.2252094806446676],[103.75941038166133,1.2261374657641042],[103.75906828092096,1.2262518058988074],[103.75212528204918,1.2298524835642048],[103.7452633657811,1.2313521517275534],[103.7432504236376,1.2312363064352154],[103.74266913268144,1.2313304571396797],[103.7410280216404,1.23208154810274],[103.74056789643382,1.23239528305203],[103.74015998743356,1.2328732613104296],[103.73967173310871,1.2341061454974662],[103.73967136438743,1.2343980289809589],[103.7397802903572,1.234679624673553],[103.74001141733486,1.2349016723104433],[103.74128011471808,1.23535869200119],[103.74308784360943,1.2366216265548915],[103.74385699701322,1.236873102162973],[103.74628735090701,1.2372963174215494],[103.7471557812487,1.2373116477953356],[103.74931692695274,1.2369726080876242],[103.74974432305554,1.2368133721646553],[103.75024054374815,1.2364347938225542],[103.75050804419203,1.2361281323006015],[103.75069989939807,1.235718443197581],[103.75447516256104,1.2342830520309784],[103.75495893895419,1.2353626966536302],[103.7564728708421,1.2365276891587826],[103.75710162300982,1.236671364791028],[103.75739694519058,1.2366594356991536]]],[[[103.76374958844616,1.2400454017450697],[103.76490801319757,1.2395034138859957],[103.76502557232165,1.2396824169171652],[103.76518779891893,1.239578217523284],[103.76561026103074,1.2390587514592677],[103.76616377107885,1.2386703527984555],[103.76656203855029,1.2385009817649753],[103.7674374188612,1.2376845425151104],[103.76824287988018,1.2371351881345423],[103.76941781396042,1.2359845086835084],[103.76946304919746,1.2356448629590808],[103.77028279393198,1.234750959754205],[103.77035761485918,1.2343264816827124],[103.77048803988325,1.2341696887461935],[103.7710337933483,1.233808633145147],[103.77131656650883,1.233718003455589],[103.77146226585154,1.2337757650274364],[103.77146182403455,1.234075822383939],[103.77169665362746,1.2343087705221207],[103.77211056349684,1.2339383170738176],[103.77189475859453,1.2336923547006873],[103.77270020027203,1.2329523677852567],[103.77293551560416,1.2331623295877372],[103.77326090148722,1.2328504984586246],[103.77355050037923,1.2325659990935858],[103.77332021091148,1.2323365601548073],[103.77407150506446,1.231599060359134],[103.77435577415267,1.2318665624379568],[103.7765773178724,1.2294993084990786],[103.77647395731738,1.2293798369762652],[103.77710887861994,1.2286965874799864],[103.77700216840908,1.228533157443539],[103.77714775949484,1.2283039610099544],[103.77679849434048,1.2275614157822774],[103.777658761016,1.2271864544226798],[103.77907311315313,1.2245252922443834],[103.77896228129671,1.224459579733693],[103.77898902227054,1.224050020536968],[103.77886357012629,1.2240097936325955],[103.77631449673729,1.2247630943431538],[103.77457263234868,1.2247851039915516],[103.77326531542808,1.2249085839304832],[103.77312386419031,1.2250351068011187],[103.77300145379184,1.2253472473569471],[103.77256925120506,1.2270488605027356],[103.7725430499808,1.2277031515567498],[103.77078022184462,1.2293251738458864],[103.76973145263837,1.229831421336099],[103.76830894612986,1.2303760169733613],[103.76825649932206,1.2302716800349793],[103.76721899274247,1.2306127463592142],[103.76723113728322,1.2306801715710294],[103.76712411681257,1.230732112893929],[103.76539838382618,1.231026204778456],[103.76503439866781,1.231161099494502],[103.76297600517097,1.2311408186129713],[103.76299188604243,1.231364852754807],[103.76071391798541,1.2324516484611119],[103.76040601962548,1.2333895790641762],[103.76037135002998,1.2342855673168742],[103.75973861572433,1.236697063950484],[103.75973938868455,1.237503978669781],[103.75961889847882,1.2375078893923825],[103.75962489224581,1.2388192831762308],[103.75975598115858,1.2388273845222146],[103.75987892867828,1.2390267343051382],[103.76009295122233,1.239037544710617],[103.76012502470836,1.2391102646468506],[103.75994288793576,1.2394954338346948],[103.76006843617097,1.239845623539321],[103.76121857270068,1.2403629708046502],[103.76180443267872,1.2404277022253318],[103.76358005724327,1.2399599185263905],[103.76374958844616,1.2400454017450697]]],[[[103.82236522405807,1.2472573517890013],[103.82265106292901,1.2473696389502114],[103.82247773785483,1.2471891359945741],[103.82225017695227,1.2471959720407266],[103.82118236423655,1.2479754848400815],[103.82109821626148,1.2481754938436525],[103.8212189233235,1.248407183712976],[103.8214615254185,1.2484577388382394],[103.8212775077564,1.2483051173334987],[103.82236522405807,1.2472573517890013]]],[[[103.81619494798657,1.2485901258368959],[103.8160701403097,1.2485225074435415],[103.81586305745905,1.2485528619867146],[103.81501294518017,1.2490106792474802],[103.8147810849042,1.2489821575524116],[103.81464058793307,1.2490598984888568],[103.81432947493333,1.2495205608388793],[103.81425368675113,1.250030545335088],[103.81436058414845,1.2500912787531495],[103.8146421786011,1.2499109567136972],[103.81524610279983,1.2497158912234825],[103.81611967698767,1.2489402041767164],[103.81622592555715,1.2487371260690239],[103.81619494798657,1.2485901258368959]]],[[[103.81422552184075,1.25259172968923],[103.8141879286889,1.2524152063917366],[103.8149002663572,1.2520884644226908],[103.81502357120831,1.2521163287807917],[103.81502617751418,1.252033633654865],[103.81469760451253,1.251915286109109],[103.81429144309428,1.2521199192877948],[103.81403917762309,1.252371587765858],[103.81406615890177,1.252581120312553],[103.81416796517985,1.2526631207505552],[103.81422552184075,1.25259172968923]]],[[[103.81344867437637,1.25311918938039],[103.81347871566348,1.2530159165438042],[103.813325472392,1.2529118139062272],[103.81298007764542,1.2529568576534253],[103.81255350601613,1.2534833394545448],[103.81253995474624,1.2536678569516857],[103.8126941865991,1.2537479668376434],[103.81272993138484,1.2535808585431016],[103.81329636815639,1.2530294534919078],[103.81344867437637,1.25311918938039]]],[[[103.8112575746618,1.2548104374807367],[103.81182067817001,1.2541847319127344],[103.81194737059968,1.2542050540405527],[103.81196439835539,1.2541273420906431],[103.81169611598496,1.2540756671660638],[103.8111991810727,1.254486151571387],[103.81112443114769,1.2546386630569504],[103.81118818944314,1.254797533409982],[103.8112575746618,1.2548104374807367]]],[[[103.81493556958172,1.2597916563989238],[103.81472210754812,1.2595140509805665],[103.81408932684859,1.259420788233111],[103.81346004984248,1.259409913013329],[103.81314407104016,1.259598253631295],[103.81323020207225,1.2598774498739886],[103.81339596194255,1.2600257579772258],[103.81398617890186,1.2601788352810688],[103.81464691396359,1.2601485981685503],[103.81490757031777,1.259939528927491],[103.81493556958172,1.2597916563989238]]],[[[103.83659452211003,1.2134873238274415],[103.83646544191117,1.2131672148026078],[103.83629806535369,1.212964175915142],[103.8359250285025,1.2126864004655817],[103.83640023571971,1.2131365288552263],[103.83659452211003,1.2134873238274415]]],[[[103.83643550930495,1.2144242673701144],[103.83599956637946,1.2142693292452649],[103.83576453692189,1.2140323956817882],[103.83549990281108,1.2132879431094306],[103.83516176420245,1.2128192948764152],[103.83518436255036,1.2125122130644543],[103.83549680594476,1.2125546628393005],[103.83433491706451,1.212330850266557],[103.833990525285,1.2125829874492917],[103.83424945662699,1.2124085325727523],[103.83427655323874,1.2126745489357604],[103.83419615776343,1.2128925480532617],[103.83392583499715,1.2130771010707369],[103.83367882415564,1.2131042800073764],[103.8337444220385,1.2129364496746151],[103.83348885735998,1.2132695636554336],[103.83342561086961,1.2134775857887845],[103.83347896472642,1.213657717287506],[103.83363297030967,1.213890247706971],[103.83377076667439,1.2139838223761144],[103.83392844717743,1.2139751766125828],[103.83385713201204,1.2140717628522018],[103.8340896777548,1.214111111735369],[103.83417747089072,1.214336036427619],[103.83453808943742,1.214691243887083],[103.83469326431779,1.2152815592801174],[103.83477090505116,1.2152101143736984],[103.83499032723438,1.215339925046801],[103.83498401076545,1.2155029396254726],[103.83486028060182,1.2154992308962633],[103.83498070876634,1.2155814919009147],[103.83530548633118,1.2154722262554603],[103.83627375350689,1.2147940417618337],[103.83663500089855,1.2140378109974843],[103.83643550930495,1.2144242673701144]]],[[[103.83348844422925,1.216537207655619],[103.83368866061534,1.2162620635119799],[103.83356061303589,1.2161166415718248],[103.83328026697455,1.2153496040762024],[103.83263661513554,1.2147892411012196],[103.83242231101889,1.2147679703629628],[103.83224710847409,1.214859148416937],[103.83257044752176,1.2148103815287163],[103.83250989195236,1.2151118698022656],[103.83231384827792,1.2152868743864316],[103.83190467033482,1.2153375114268348],[103.83198557731836,1.2151258456530176],[103.83176600671514,1.2155608362433625],[103.83168083487244,1.2165472636939303],[103.83172453794889,1.2163203946202943],[103.83193601004733,1.2163638567304798],[103.83211259899798,1.2165226253947776],[103.83220850113105,1.2168169728552463],[103.83221443665464,1.217003178976575],[103.83195734502196,1.2169506017667981],[103.8321103713392,1.2170477759010958],[103.83234371610722,1.2170468625883835],[103.83316342385407,1.2168125597827986],[103.83348844422925,1.216537207655619]]],[[[103.8611981287232,1.2213102484475182],[103.86090181089908,1.2217424928913487],[103.8612314999444,1.2213359682466693],[103.8611981287232,1.2213102484475182]]],[[[103.84953879777284,1.2296769923698017],[103.84985863421906,1.2300964422369771],[103.85010909808045,1.230280968254694],[103.85037327275077,1.2303620139749838],[103.85045263817698,1.2302152982891819],[103.85118052118025,1.230238607121316],[103.85171538191717,1.2306260543374914],[103.85152034739255,1.230930020075477],[103.85113023880875,1.2311513932480211],[103.85098958872207,1.2308692774516783],[103.8510388110069,1.231065533424563],[103.85133848882715,1.2315147386628702],[103.85158651751493,1.2313742619129966],[103.85353868887711,1.231833316191116],[103.85642070535994,1.2320232635864745],[103.85721112222498,1.2321296804637862],[103.85779694126298,1.2323319255384586],[103.85816584286863,1.2322426567369826],[103.85836328292915,1.2319348216273363],[103.85836068788568,1.23105566834921],[103.85769801375021,1.2298263175418591],[103.85736420691264,1.2294163293301377],[103.85706514871958,1.2292164899176796],[103.85486659496453,1.2284767668456922],[103.8547963786299,1.2285188882252192],[103.85482897050176,1.2286115772591897],[103.85514539649635,1.2286550755505767],[103.85511032100482,1.2288831739337818],[103.85499991369342,1.229018466067692],[103.85464200115624,1.2292002011595446],[103.85408522244923,1.229131620321119],[103.85366457048094,1.2288185178604651],[103.85343142694018,1.2284660667948795],[103.85326486389809,1.2280040097571412],[103.85322107427326,1.2274848320808804],[103.85346931649657,1.2264039455172049],[103.85367296855344,1.226030431166821],[103.85414396447665,1.2255727951887265],[103.85466835256871,1.2254078556137247],[103.85496219464332,1.225432030543144],[103.85521766359577,1.2255594055883539],[103.85544035214816,1.2259376653677119],[103.855051210616,1.2260591655226356],[103.85509122804032,1.2261777618462535],[103.85585656772514,1.2259107986115352],[103.85594069486712,1.2256559468661514],[103.85591730093991,1.2246811417047594],[103.8562982732614,1.2238631084181666],[103.85632285386691,1.2236316350131369],[103.85705582446712,1.2231597045721336],[103.8583130049952,1.2219280335273783],[103.8584573128337,1.221684289456762],[103.85870991713445,1.2208562013977453],[103.85889992458132,1.2206325889440186],[103.85910751095543,1.2206354754925286],[103.85911078590436,1.2207142764238312],[103.85936682268986,1.2204010152170999],[103.85945773239023,1.2200770884326153],[103.85940910387575,1.2197510777612262],[103.85928900280899,1.219631197812657],[103.85934631151339,1.2199501162414088],[103.85918256716688,1.2201053738324203],[103.85896093580085,1.2201652241465613],[103.85863465838338,1.2201085479699365],[103.85828453801315,1.2198671815951359],[103.85792850180236,1.2192227875530555],[103.85786016084134,1.2186558804715513],[103.8579428048454,1.2183809409091562],[103.85816199309743,1.218132904044374],[103.85837895826108,1.2182614032872305],[103.85842518638822,1.2181998390919937],[103.85807888761653,1.2178531900559633],[103.85773911105258,1.2176826362099815],[103.85698625919615,1.2175863153980002],[103.85698572702687,1.2176610250200328],[103.85735870694249,1.217686029209969],[103.85732114071489,1.217873415844609],[103.85703911662632,1.2181447803976166],[103.85622175513045,1.2184136905827558],[103.85595403091662,1.2187021320311904],[103.85550617232838,1.21948011421803],[103.85489686664356,1.2198822669340839],[103.85424094311522,1.2206502492063156],[103.85376702489737,1.2208332032588465],[103.85362905802906,1.2212650902881872],[103.85340588218372,1.221365248622518],[103.85298332514306,1.2218328493194952],[103.8527201947341,1.2221719592891478],[103.85258361456093,1.2226760227434486],[103.85249816078117,1.2226501666506624],[103.85173878226148,1.2215711918466396],[103.85135499615745,1.2208546839189496],[103.8512938412317,1.2208540304746347],[103.85129160847913,1.2207282884412738],[103.85162841465815,1.2201189944459543],[103.85158201701559,1.219053095330661],[103.85156590882713,1.2196510138577852],[103.85113970730204,1.2197028287229048],[103.85076203491215,1.2195100060546582],[103.85113128202332,1.217530732278905],[103.85135122007974,1.2173994395716097],[103.8514917454797,1.2174120111097742],[103.85155838904508,1.2177662261393964],[103.85161989431805,1.217766190449945],[103.8515278969005,1.2169503233181598],[103.85172736353924,1.2160891210730105],[103.85156101626636,1.2162877298809205],[103.85127768826355,1.2161899635677762],[103.85113787558778,1.2157868300822652],[103.85117381482542,1.215161359917368],[103.85126420661523,1.214917001606462],[103.85157429841847,1.2147230845950496],[103.85203214897996,1.2147448585633713],[103.8520788765113,1.214906625684545],[103.8520720279409,1.2142423874714328],[103.8522087624081,1.2141348439085387],[103.85195839202316,1.2136230698242683],[103.8515754114976,1.2133552862509953],[103.85141543368397,1.2133779859979783],[103.85107954225636,1.213879439836554],[103.85100573527474,1.2141223365793907],[103.8503041831264,1.2146762558408337],[103.84991828429537,1.2148611231920938],[103.84964942030712,1.2148299007210603],[103.84932486437548,1.214927698030555],[103.84880644781137,1.2155855382392982],[103.84868975845502,1.21606831807623],[103.84817063121089,1.216802274979551],[103.84817568765415,1.2168920775265495],[103.847610638873,1.2174845004932007],[103.84750822421834,1.2174999503102795],[103.84725589181718,1.2178218197830781],[103.84717526107643,1.2180694453811725],[103.84661112911056,1.2186398812021906],[103.84651795293618,1.2188353303879949],[103.84542676894118,1.219941974855917],[103.84521006852718,1.220046480668601],[103.84438696224184,1.2208367430507177],[103.84418658969855,1.2211941201137118],[103.84387895515191,1.2214351392298919],[103.84365210111785,1.2214909828668483],[103.84333818348843,1.2218229476362967],[103.84331668993329,1.2220388721750488],[103.8432366030552,1.2219984925612717],[103.84317266331786,1.2221685008191794],[103.84331655860043,1.2222418198953353],[103.84340456319215,1.222513049579583],[103.84366706329409,1.2226804068059585],[103.84390804512414,1.2226989308809688],[103.84434309995788,1.223206306102805],[103.8445419865238,1.2232932627129576],[103.84473826960912,1.2232654508383038],[103.845119992714,1.2234775707767955],[103.8455416244131,1.2234739414701143],[103.84620885065989,1.2232248019656453],[103.84588929380038,1.2233110473835127],[103.84586247976502,1.223215999619246],[103.8460429502869,1.2229095446294318],[103.846382529099,1.2227028475832455],[103.84682653645253,1.2226939102450816],[103.84689313001907,1.222847049703876],[103.84675699486525,1.2229046874027543],[103.84674980539616,1.2230006116591958],[103.84714281381964,1.2228233956524655],[103.84714902664223,1.2227387081390992],[103.84705065704962,1.2227803555738914],[103.84708802123536,1.222641613080944],[103.84741966453798,1.22232384541374],[103.8479624912873,1.2222257333262694],[103.84811095042183,1.22232593166339],[103.84808649305138,1.2223807110145275],[103.84860403367524,1.2221220695715296],[103.84833751713931,1.221502777992674],[103.84846091114773,1.2214353830885853],[103.84872205742005,1.2214508905573291],[103.84920468109738,1.2209880218064868],[103.84994729253268,1.2206744675055947],[103.85021741981777,1.2204650591189394],[103.85057413316909,1.2210325099015702],[103.84996398538243,1.221435826333746],[103.84981904838764,1.221625132597047],[103.85097739439898,1.220910734479444],[103.85119686759032,1.2209591626876863],[103.85228159677384,1.2227214439393732],[103.85208371775057,1.223613220958544],[103.85244321602536,1.2237433511439435],[103.8524228306268,1.2241522853750195],[103.85202289787185,1.2247749862118398],[103.85169319799279,1.2245167668948707],[103.85126132468174,1.225038832783705],[103.85075573821631,1.225243715573052],[103.85038730047597,1.2256859227381138],[103.85023306561733,1.225765428282689],[103.85071254772815,1.2264263317215554],[103.85107759810984,1.2265321490916667],[103.8516648484867,1.2260542694555867],[103.85195492792889,1.2259944979402149],[103.85222416489874,1.2262622243365269],[103.85213908114012,1.2279007005660458],[103.85023865562927,1.227821036951177],[103.85024733597436,1.229066033144648],[103.84999301113848,1.2291494434569046],[103.84966188316534,1.2283001199207224],[103.84933039074375,1.2280787966259186],[103.84914310258199,1.2281297406430447],[103.84907955904383,1.22794470788597],[103.84812143391777,1.2266770473960886],[103.84726081120655,1.2263712038414953],[103.84699077917548,1.2263896353020602],[103.84678766759588,1.2265090867137172],[103.84676245114935,1.2271520353954388],[103.84695562468082,1.2272954667467681],[103.84722517983964,1.227306271612276],[103.84768163959691,1.2276270575004358],[103.84823983789212,1.2277646355171048],[103.84876687518067,1.2281489606179659],[103.84897224050384,1.2280676298477649],[103.8490567299805,1.2281905868512033],[103.84890673097907,1.228341806651928],[103.84905310306551,1.2288759510475882],[103.84942349959005,1.2295277728038863],[103.8482172536723,1.2308630281257933],[103.84784245073406,1.2303461990241766],[103.84807780388914,1.2301733925160674],[103.84785181913836,1.23025843575048],[103.8476330313868,1.230148478784658],[103.8474080000311,1.2302481735978839],[103.84653492247516,1.2311654350792627],[103.8455787066483,1.2318496733846074],[103.84550789276017,1.23213376287413],[103.84563467535602,1.2323940566960683],[103.8458747321636,1.2325133431552167],[103.84865939412288,1.2316035867966957],[103.84875813123118,1.2315141562571],[103.84877996577416,1.2312840919408292],[103.84873349151171,1.2309632903430097],[103.84860057997,1.230719988823329],[103.84953879777284,1.2296769923698017]]],[[[103.86085001566535,1.224285411107055],[103.86140321518371,1.2245721786434367],[103.86086217337309,1.2249750925623926],[103.86131490840104,1.2247132750167977],[103.86193211195199,1.2240373992548959],[103.86273408285352,1.222194972484059],[103.86276292204123,1.2218966401652873],[103.86256659206362,1.221547882915105],[103.86219798737879,1.2210187337817173],[103.8619795195461,1.2208101262033357],[103.86182596243437,1.2207696113780486],[103.86166522701214,1.2208095236298147],[103.86141618717359,1.2210340629663274],[103.86178540391828,1.220824317768146],[103.86195675151883,1.2208491588511519],[103.86217258655785,1.221044824993172],[103.86257232570105,1.2216489637541967],[103.86242095900087,1.22143021844939],[103.86108367820303,1.2222733760122406],[103.86076649950304,1.2223659338390473],[103.86042266660787,1.2223164088847902],[103.86029882717163,1.2224708160345112],[103.86025486123549,1.2225072117533131],[103.86042242418795,1.2226033486043302],[103.86024447165464,1.222505874301927],[103.86058929126122,1.2220322538201545],[103.86014187953913,1.2225772749706971],[103.86007301234528,1.2230056282588386],[103.85994168495168,1.2230128373632605],[103.85968935604856,1.2232229239146895],[103.85961766499047,1.223401672412433],[103.85969336638571,1.2235246201195198],[103.85981181835388,1.2235501943946463],[103.86015404245872,1.2232688610354592],[103.86038964501249,1.2233782597179144],[103.86045214814258,1.223594827425697],[103.86038525466775,1.2237188256226321],[103.85991225875996,1.2239552766721227],[103.85956795539182,1.2239613845490898],[103.85936593930553,1.2237437239040698],[103.85940411454061,1.2234509081529663],[103.8593169038912,1.2234063599724352],[103.85909883404462,1.2234722089222263],[103.85806095770306,1.2247340795809118],[103.85796919395062,1.2249533799592052],[103.85812483009256,1.2253490744819984],[103.8582222300342,1.2253978098157778],[103.85908563559153,1.2254377745459801],[103.85901074299798,1.2253318985186354],[103.85908470716151,1.2251282971548716],[103.8601405762386,1.2244330559637036],[103.86085001566535,1.224285411107055]]],[[[103.86051079232176,1.22516723760736],[103.85955612712102,1.2254232277595885],[103.85956018880037,1.2254614823687286],[103.85985051806063,1.2254305954196998],[103.86051079232176,1.22516723760736]]],[[[103.84060242999772,1.22845790680217],[103.84037730920666,1.227734873683242],[103.84014861019497,1.2275494432181944],[103.8396804794034,1.227542172376237],[103.83927609707482,1.2276510326674042],[103.83872913798237,1.2279851452652297],[103.8383596818634,1.2285389702566283],[103.83775237289439,1.228599968967603],[103.8374466973606,1.228750151073477],[103.83685192173795,1.2294613692158163],[103.83576440902402,1.2316665575702799],[103.83552323311208,1.2325658685606216],[103.83531695522682,1.2329110604262794],[103.83534030268646,1.2332667029558448],[103.83552583869614,1.2335062673595325],[103.83544477429143,1.2338360342720638],[103.83548486740698,1.2340296886870523],[103.83601291807726,1.2348335965725965],[103.8364610975125,1.2348161544915663],[103.83707253083575,1.2344669592786763],[103.83772853002276,1.234248992675739],[103.83791104020193,1.2340283163897459],[103.83799591848235,1.2336682287419505],[103.83824027531035,1.2332499530338261],[103.83940847171542,1.2320930747994148],[103.84006432797618,1.2307258094739655],[103.84058795771908,1.2288613125467804],[103.84060242999772,1.22845790680217]]],[[[103.8290891795477,1.2407826591741455],[103.8291697952465,1.240734194371089],[103.82911391180713,1.2405484376663516],[103.8290059677168,1.2404576120920554],[103.8288587534278,1.2404837932187336],[103.82821872445282,1.2410158662825923],[103.82818544091819,1.2412150942565587],[103.82842894259161,1.241387262345135],[103.82847759783819,1.241315482968639],[103.8283338790044,1.241210395461495],[103.82843277093762,1.2410447159407105],[103.82893300722777,1.240641704554696],[103.82902854737868,1.2406168979749599],[103.8290891795477,1.2407826591741455]]],[[[103.85503857385586,1.2393775458593372],[103.8544007560528,1.2389696127151528],[103.85407024219072,1.238862089937718],[103.85373741566178,1.2388860726849757],[103.85348066045823,1.238976796054777],[103.8521178980777,1.2398779716661967],[103.85118385847431,1.2403652266147727],[103.85023879151416,1.2405191956059494],[103.8498503769425,1.2404496596268528],[103.84903793006546,1.2401095211005082],[103.84866898528298,1.2398104659870788],[103.8482175185447,1.2392274469466633],[103.84720233604257,1.2386261988504352],[103.84602940244247,1.2377395434055292],[103.84560876188353,1.2376586879129399],[103.84518596213614,1.2377663952242288],[103.84489382728039,1.2380431015309084],[103.84473022492011,1.238445418154683],[103.84476144429239,1.239113002333457],[103.84492672032943,1.2394664845100263],[103.84520367383439,1.2397861221142257],[103.8463432221791,1.2407920801200636],[103.84804775412637,1.2416694790002585],[103.84927624945988,1.2425435832782996],[103.85008828656369,1.2433234719911457],[103.85127501976764,1.2449825780840424],[103.85182914648065,1.2454238989934718],[103.85222606229284,1.2455506501692903],[103.85280829956105,1.2453644615408994],[103.8536333959336,1.2447335846294223],[103.85419555415076,1.244050153291499],[103.85485227666875,1.2428346749099726],[103.8552325265762,1.2417844714130761],[103.85541163275663,1.240656676833703],[103.85534650208615,1.2399766933591343],[103.85503857385586,1.2393775458593372]]],[[[104.07180220653845,1.291743594114061],[104.07181257781245,1.2913525699745876],[104.07141345090102,1.2909293233244654],[104.07112311728922,1.290869181076939],[104.07055947335316,1.2910455574570125],[104.07048698442838,1.291368925273361],[104.07085943711475,1.2919245136817137],[104.07137175721958,1.2920603007606148],[104.07172324494626,1.2919150224367772],[104.07180220653845,1.291743594114061]]],[[[104.08778702959286,1.3135317873714893],[104.08754905435134,1.313751353146275],[104.08766030164522,1.3139895861348514],[104.08818993080898,1.3139837493683117],[104.08854778769886,1.3137303627868753],[104.08852479919085,1.3135863211851906],[104.08825431666382,1.3134429208651888],[104.08778702959286,1.3135317873714893]]],[[[104.08501568813743,1.3136467403104661],[104.08455533876402,1.3135679650703513],[104.08403295688868,1.3138324832083885],[104.0839534483771,1.3139838804301447],[104.08399332978138,1.3141425917855383],[104.08422669443227,1.3143854583290617],[104.08458826378988,1.3143482147369596],[104.08495589925266,1.3139525371455478],[104.08501568813743,1.3136467403104661]]],[[[104.08687711026658,1.3220698679835488],[104.08338639872409,1.3223524004703213],[104.08321017678183,1.3222234327451063],[104.08284987453811,1.3222200896339578],[104.08261426813975,1.3224184875651432],[104.08232391321093,1.3224708917675623],[104.08226335643307,1.3226305122017772],[104.08240394444734,1.322846168837243],[104.08289718292109,1.3230928073908097],[104.08440436760402,1.3234420595019174],[104.08726815920193,1.3234829748975152],[104.0874907684098,1.3233260245363754],[104.08755678977884,1.3230074611522784],[104.08687711026658,1.3220698679835488]]],[[[104.05482607109059,1.4313294334683226],[104.05577783407158,1.4318359389320614],[104.05664820456917,1.4318254636305978],[104.05663555262079,1.431734232442109],[104.05707175220051,1.4317183362747277],[104.05740422919746,1.4318087483318218],[104.0590483019588,1.431349218036114],[104.06245366050358,1.429926008864197],[104.06364095401936,1.4297541881931306],[104.06402457784296,1.4294795687315316],[104.06514036388916,1.4290632708573616],[104.06572263953011,1.4287178289204514],[104.06576513892075,1.4285916397530667],[104.06568224327957,1.4284012983590988],[104.0657757551746,1.4283628003415234],[104.06586713673023,1.4285766731234217],[104.06609453929755,1.4285616900929694],[104.06598643418884,1.4284107016363585],[104.06926788520079,1.4273418311466195],[104.06970921569649,1.427065803192188],[104.06983338337866,1.427087178371018],[104.07072780727678,1.426560578614817],[104.07080004958407,1.4264352725847498],[104.07085141789781,1.4264864266712445],[104.07117092707651,1.426220151957319],[104.07242911377068,1.425507884795297],[104.07261740480898,1.4252643582377105],[104.07269793138808,1.4253080121216268],[104.07420132073915,1.4239738572032656],[104.07433250092411,1.4239359328108239],[104.07423802368524,1.4237605971952394],[104.07431034099167,1.4238409506493608],[104.0744077704519,1.4238035814607368],[104.07451708077201,1.4236086541478654],[104.07484375609762,1.4234796043435887],[104.07593789023798,1.4225431640767279],[104.07606721670189,1.422231735498654],[104.07635868180886,1.422069524718355],[104.0778410623836,1.4206057960578926],[104.078754550773,1.4200905143803124],[104.07888522558832,1.4198648727496348],[104.07927728717111,1.419625800605032],[104.08013134774723,1.4192431757166086],[104.08050699925718,1.4189877815476362],[104.0809228648423,1.4182504248664167],[104.08155899127965,1.4174396469213995],[104.08166177442173,1.417059788486196],[104.08160911715163,1.4168779011669417],[104.08170054823044,1.4169678475353193],[104.08181736166772,1.4169497559620121],[104.08212284736618,1.4164026341033733],[104.08275176822258,1.4151049066349082],[104.08276523953839,1.4149602173693208],[104.08267557523618,1.4149133995495462],[104.08302579581265,1.4144040468251846],[104.08360480956087,1.4131978183083502],[104.08439697423529,1.4119900653576514],[104.08447982762233,1.4116135823143958],[104.08472543852135,1.4111367976268687],[104.08479381171294,1.4106388250791388],[104.08509151066421,1.410140511062326],[104.08518091158518,1.4094855582553831],[104.08508391737266,1.4089661704822547],[104.0843780802798,1.4079930704270256],[104.08359314597003,1.407485495485979],[104.08371796212481,1.4071771067903927],[104.08381452162013,1.4070791447311215],[104.08478929662081,1.4069953863496587],[104.08549321977213,1.4068162747000947],[104.08656857716691,1.4062633161798177],[104.08712528374278,1.4057942025292038],[104.0875959151445,1.4052377465583699],[104.08796712927777,1.4046097307752183],[104.0882284049298,1.4039279359920196],[104.08837235171858,1.403211689108312],[104.08845773334964,1.4018760287652305],[104.08843518192295,1.3998245108817569],[104.08812764230305,1.3977963474037107],[104.087680299077,1.3962174825984481],[104.08705995945532,1.3946990201438065],[104.08590277720627,1.3924048955461443],[104.08419563064807,1.3894360512176391],[104.08145173450015,1.3851382416552924],[104.08055906840521,1.3834616048786368],[104.07952887358029,1.3811473124437572],[104.0773252781304,1.3752677983755401],[104.07617609662528,1.3716307136746866],[104.07561828912887,1.369410304909394],[104.0751606954357,1.367166806463009],[104.0746022725599,1.3630806648884555],[104.07452575455743,1.3604024304909095],[104.07465804272636,1.3582627644371215],[104.07491629607655,1.3566117275306964],[104.07550837483626,1.3548162675567537],[104.07761103801239,1.3507297381621588],[104.07914062788684,1.3480205138078036],[104.08078046486705,1.345377429633839],[104.08384962711524,1.3409891087075096],[104.08407712868187,1.3405221383349541],[104.0842040609592,1.3396682415567018],[104.0840036977234,1.3388287224648294],[104.08373662137762,1.3383834803841608],[104.08337553726105,1.338011437417484],[104.08261850378112,1.3376053153429397],[104.08193779726179,1.337506050370856],[104.08142509116121,1.337570926817574],[104.08094067403354,1.3377520109442302],[104.0805101984769,1.3380397384213965],[104.03250209743744,1.3788088223040929],[104.02328237798103,1.3870321725115897],[104.0215819765789,1.3887296323591176],[104.02059368093246,1.3898978523417198],[104.01955998140795,1.3913092506215692],[104.01863397070831,1.392794448462705],[104.01782082682361,1.3943451381195484],[104.01633550231638,1.397995126511655],[104.01550097914597,1.40060404368271],[104.01554203235803,1.4012309560080136],[104.01591799444861,1.401763558984949],[104.01651788282119,1.4020132154181493],[104.02491658531108,1.401769156140433],[104.02630980229715,1.4020303907960048],[104.0269945969753,1.4022558556727602],[104.02852202354092,1.4031399231932433],[104.0292362114751,1.4038119526750927],[104.02951139359925,1.4042950351612824],[104.02964067861276,1.404707816951882],[104.02947677836296,1.4050791713311652],[104.02939454780486,1.4058136260560137],[104.02953359261124,1.4057878409856315],[104.02929499929942,1.406197163942175],[104.02851051570863,1.4067702408114346],[104.02827193149339,1.4077144023579253],[104.02838733963264,1.4080818598231948],[104.02833910314179,1.4081162168544936],[104.0290956615181,1.4093568110688768],[104.02954465672315,1.4099142197224415],[104.02989031016442,1.4109446166003596],[104.03018212939422,1.41140176765547],[104.02965857198065,1.411763305130567],[104.02864775329363,1.41211274907229],[104.02752698838232,1.4121487990527697],[104.0269705878596,1.4119540025666812],[104.02642458777828,1.4115871960202995],[104.02541303330256,1.4102588522127515],[104.02459533187923,1.409506744764818],[104.02353232593826,1.4089225504524145],[104.0224231901948,1.408629637110607],[104.02155035324066,1.4085928845210294],[104.01479959383636,1.408876212905289],[104.01436763669508,1.4089982511386718],[104.01369535322704,1.409307735630971],[104.01309341358001,1.4097396765208983],[104.01258357566446,1.4102784620331994],[104.01223725248568,1.4108068156887716],[104.00924061177507,1.418826188962812],[104.00896315057166,1.4204362515729827],[104.0089528579566,1.421254384005112],[104.00906099514393,1.4222710540884769],[104.00950808899074,1.4238419782909246],[104.00995117301643,1.4247620911277683],[104.01039028505919,1.4254506718205535],[104.01147264786802,1.426668729266071],[104.02126624344194,1.4353981633036315],[104.02281950819021,1.4364336074545034],[104.02434607364803,1.4370812445877033],[104.03606713284701,1.4403627792109936],[104.03787883553305,1.4406654007807553],[104.03954934064002,1.440664372037304],[104.04099543066627,1.4404475783689308],[104.04348295547412,1.439802532880301],[104.0439852036413,1.4393511879441678],[104.04440584803426,1.4388220436137635],[104.04600801692837,1.435782177184662],[104.0467914447586,1.43503854423209],[104.04744438877744,1.4347224270199839],[104.04814535949349,1.4345378494530214],[104.05358542024806,1.433762224513478],[104.05400773454865,1.4335316078157314],[104.05434018552235,1.433160826249009],[104.05443900771002,1.4326453602768017],[104.054079567182,1.4323062522125156],[104.05482607109059,1.4313294334683226]]],[[[103.94827422027477,1.4056539247311703],[103.94914606164176,1.404581896606454],[103.94951979836885,1.404372798453953],[103.9495612704644,1.4042426677091944],[103.94964137697394,1.4042016056583],[103.94975833155061,1.4042864741873877],[103.95055251727163,1.4037921279996692],[103.95056937892541,1.4036793803231156],[103.95194247162092,1.4034553725123105],[103.95184136660947,1.403343101116561],[103.95197310631039,1.4033179169562704],[103.95210197747573,1.4034300603166092],[103.95268756329925,1.403241009607978],[103.95311329960326,1.4029997943537726],[103.95356765560977,1.4029521381547763],[103.95394653962143,1.401848028156733],[103.95393463277037,1.4016594873782295],[103.95451713228911,1.3994591814100918],[103.95445734121422,1.3992919037688851],[103.95450495147007,1.3991853312733236],[103.95410564665501,1.3985977337099929],[103.9538060900867,1.3984759497197923],[103.9535735052374,1.398542332852388],[103.95083615711758,1.400962644936639],[103.94961496084109,1.4022437542483084],[103.94878685777424,1.4028342164881018],[103.94832409159734,1.403264272688195],[103.94576441708705,1.406019745550619],[103.94553411143556,1.40643562768677],[103.9448162306413,1.4069158515438145],[103.94401052927877,1.4081400259098578],[103.94405661148544,1.408200697374169],[103.94574238259821,1.4080585860960007],[103.94703206325221,1.40765307949856],[103.94707039054842,1.4075241065236879],[103.94711637258447,1.407556154863222],[103.94742240937585,1.407318843317204],[103.9477537397817,1.4068678857724355],[103.94827422027477,1.4056539247311703]]],[[[103.9385318255556,1.4263128193755752],[103.93903367621304,1.4260688535497235],[103.93927238792396,1.426095620674761],[103.93961844573012,1.4257415739165664],[103.94024316626609,1.4256066049170688],[103.94141698225422,1.4251544952653474],[103.94196978072236,1.4248373544815287],[103.94224764088558,1.4247815059569031],[103.9429414550649,1.4243371596986063],[103.94373156297675,1.4242388175811846],[103.94485968741289,1.4238905835030335],[103.94516764879243,1.4239939642140453],[103.94575635332824,1.4238663208607738],[103.94602817335476,1.4236155731109337],[103.94641630244288,1.4234624273988814],[103.94667891609261,1.423115294026841],[103.9480896763755,1.4226266684623583],[103.9490654655351,1.421601127142828],[103.94922775510686,1.4210074143232898],[103.94950136998797,1.4205086629242336],[103.94939012944307,1.4204210901295862],[103.94945558856624,1.42036117283631],[103.94961068804379,1.4204260891389817],[103.95235763150438,1.4189606921592874],[103.9528125105626,1.4188891425788994],[103.95330186238546,1.4186840268052698],[103.95344047565516,1.4191708737602022],[103.95355104826257,1.4191992730830683],[103.95399951562017,1.4192091794778467],[103.95425073961718,1.4193248341604625],[103.95464733864422,1.4192983154586847],[103.955290954909,1.4190175222625168],[103.95535050772378,1.4190834832554546],[103.95556211964382,1.4189479805229128],[103.95587747594008,1.4177333958449065],[103.95604751366179,1.417699356551446],[103.95632179190798,1.4177507187029985],[103.95660922486687,1.4179435765651078],[103.95755722573233,1.417812519725269],[103.95824021138353,1.4179256003176042],[103.95919892248465,1.4179302869232486],[103.95990713338722,1.4179121517914712],[103.96140325702474,1.4176635413708196],[103.96221543247616,1.4178853615808409],[103.96248221275746,1.4182195885584754],[103.9625566366243,1.418155339427287],[103.9624325704722,1.4179719073360224],[103.96268938737681,1.4179895870425483],[103.9637189732535,1.4184075995977894],[103.96433180766974,1.4188087797593822],[103.96439600893514,1.4187793932917216],[103.96436806256888,1.4187093499602599],[103.96517512627193,1.418852539314595],[103.9657977939955,1.4190309204786105],[103.96604059721736,1.419253016149419],[103.96605273501301,1.4191468403927445],[103.96615345309262,1.4190995165748737],[103.96742853823798,1.41909521918029],[103.96822748590594,1.419312076279627],[103.96856260060326,1.4191160679122328],[103.96925309121882,1.419079420449879],[103.96972500062596,1.4195180800926577],[103.96996758489665,1.4193960040352251],[103.97028662456522,1.4195045445772478],[103.97042597122558,1.4196899574662123],[103.97094709106544,1.4194277158060902],[103.97172156944764,1.4192028450937473],[103.97203989446929,1.4192158306214038],[103.97247442328582,1.419039951318533],[103.97268456847665,1.419069791553441],[103.97275841061094,1.4191881950898693],[103.97285251267512,1.419193181453958],[103.97339516135968,1.4187823423815793],[103.97359396035003,1.41886138951777],[103.97363488118287,1.4185500254133188],[103.9741637493622,1.41820698517453],[103.97481208755482,1.4181829083737811],[103.97515225478381,1.4183065226361848],[103.97527587847455,1.4182446928839296],[103.97548754442397,1.4184580185991043],[103.97565837355354,1.4184407076055816],[103.97621899448022,1.4181821069651401],[103.97660827924443,1.4182566293348389],[103.97734875466115,1.417870782569557],[103.97865405601154,1.417633776001079],[103.97967423020889,1.4176502068929269],[103.97997188271124,1.4178729682180797],[103.98070302440014,1.417849724645151],[103.98089505814197,1.4179445617082966],[103.98132255299286,1.4179719544711709],[103.98149269066874,1.4179637680981698],[103.98223281483064,1.4176068685683219],[103.98271866186825,1.4177311505193304],[103.98269840345117,1.4178182689129988],[103.98279669208253,1.4178393431810152],[103.98308684249461,1.4177951553321169],[103.98361189198228,1.4178883787836818],[103.98415285256488,1.4182147000549328],[103.98466679013653,1.4182230777588194],[103.98497468191644,1.4183676909883711],[103.98509450954752,1.4185246801061457],[103.98556773725579,1.418760822625304],[103.98570993500428,1.4191064598629377],[103.99242256167673,1.4195011346325679],[103.99372904246343,1.4193851391885364],[103.99498814222683,1.4190592904490789],[103.99646761564942,1.418343489723582],[103.99762204084763,1.4174949503984144],[103.9986066306327,1.4164518813498819],[103.99938948502748,1.415248083742719],[104.00069812688002,1.412327283189113],[104.00132950897044,1.4105650094829414],[104.00262854963984,1.406387116018548],[104.00307841289978,1.4043440009060606],[104.00314492260111,1.403839637168972],[104.00309260711549,1.403649922534453],[104.00271128785276,1.403137689168098],[104.00235446061603,1.4029411787010608],[104.00153141781075,1.4027997675212696],[104.00079624519789,1.4028843990539286],[103.9964427854084,1.4040563887227147],[103.98874929671646,1.404103658883598],[103.988327469798,1.4037726783866884],[103.98831339438838,1.4035671181380986],[103.98817828583114,1.4033500624861934],[103.98831614409559,1.403021843616358],[103.98825421881573,1.402821965034947],[103.98808876659831,1.4027342982800581],[103.98784581568957,1.4028411646546617],[103.98765084362736,1.4032788610661138],[103.98747180741522,1.4032300917258511],[103.98735992008487,1.4032883761481054],[103.98733755605667,1.4034505376506416],[103.98754538633113,1.4036906777687308],[103.9875869714286,1.4039469256220192],[103.98730885935919,1.404060251425699],[103.98704988512554,1.403855738346336],[103.98698595237894,1.403888136777001],[103.98703011349973,1.4041145450928005],[103.97819515305245,1.4041704705260887],[103.97467769664838,1.4024658133755685],[103.97426680075517,1.4025183012107574],[103.97335800707752,1.4033420402484618],[103.97301907320688,1.403369607486249],[103.97287690563023,1.4034675122350382],[103.97248145161576,1.4030489441530358],[103.9723868411466,1.4030666029469636],[103.97249089048864,1.4029608497489414],[103.97227873022399,1.4027003710947805],[103.9707196129514,1.4021014228551478],[103.97061535228205,1.4021436265137],[103.97038062017397,1.4025665722133933],[103.96969345141054,1.4023599804783122],[103.96868541865585,1.4017928265292166],[103.96851535667967,1.4014264660001103],[103.9681503932901,1.4011151317707526],[103.96777157266915,1.401113280742801],[103.96748649204915,1.4009407314363205],[103.96711714000843,1.4008636983675504],[103.9668800776922,1.4008805231523307],[103.96621965002562,1.4011285622076517],[103.96227842014747,1.399738537444148],[103.96223800649356,1.3998199313335455],[103.9621122067734,1.3998289737670433],[103.96044517781768,1.399467103517004],[103.95957350756636,1.3994037379386512],[103.9584415083762,1.399463883867033],[103.95835019775511,1.3997074695987304],[103.95811548756237,1.3996840863348081],[103.95797412976084,1.400151667091013],[103.95778059394202,1.4003270965161883],[103.95762935104865,1.4002542130205753],[103.9566985402532,1.4013208488838649],[103.95656832132393,1.4015559808422489],[103.95657733237938,1.4016780773662658],[103.95670765802144,1.401782090170864],[103.95663130834917,1.4018680004620259],[103.95644705701098,1.4017278069854442],[103.95615514929071,1.4021528544395643],[103.95611341440451,1.4025778886716782],[103.95561226025714,1.4027943017608597],[103.95554089197225,1.402909611663107],[103.95562785454308,1.4030426667708187],[103.95540166122525,1.4033401404913266],[103.9553994754094,1.403643092820882],[103.95503376694892,1.4042620573352762],[103.95507643900432,1.4045616430888688],[103.95493385868816,1.4048976029434526],[103.9546814435362,1.4049847432858862],[103.95449571074762,1.4048187473952751],[103.95443717020892,1.4050330471610273],[103.95423858984748,1.4052580808613266],[103.95373278534585,1.4055381338018493],[103.95338834738273,1.4055760851090249],[103.95335646871962,1.4057760529564973],[103.95272718442045,1.4057550888457573],[103.95099811922422,1.405480658048605],[103.95049491717936,1.4055575000218579],[103.95018054357637,1.4060051479892153],[103.94944863635031,1.4075787386761958],[103.94867176295602,1.4089850153932892],[103.94854164215234,1.4095773790772834],[103.94889217299543,1.4098080282059995],[103.94885627340162,1.409948206128895],[103.94842038762556,1.409767292117492],[103.9479667238494,1.4102194586367434],[103.94755341060487,1.4104093508235884],[103.94748716828997,1.410601802363625],[103.94687200928897,1.41084111783827],[103.94667831787746,1.4109935304577705],[103.94647968920826,1.4110630675528377],[103.94615021217318,1.4110183701783738],[103.94507069588438,1.4113497465635116],[103.94467067314707,1.4111620112198544],[103.94445584335857,1.411259819291372],[103.94418186970314,1.411530055890949],[103.94394663786414,1.4119018143165245],[103.9435057698835,1.411808242928267],[103.9411070682636,1.4127228110911025],[103.94023947991637,1.4132331731596408],[103.93920571941756,1.4140025899325794],[103.93895269917321,1.414278215015396],[103.93830800245628,1.4145150056227456],[103.93826696952742,1.4144570297198467],[103.93847250368914,1.4142717074570383],[103.93844522507985,1.4141264590527372],[103.93836748581656,1.414088117627115],[103.93809145014505,1.41428721652301],[103.93772716928315,1.4142153723996862],[103.93749939871928,1.4144826498333667],[103.93725274381708,1.4150414927423687],[103.93693360048451,1.4151893161056135],[103.93572831324717,1.4155114134413636],[103.93479669446337,1.4154994447116684],[103.9344222603513,1.4156559330649832],[103.93429798373302,1.4158143936796672],[103.93414172862083,1.4158160907749733],[103.93366696724821,1.417226393423703],[103.93356935712825,1.417095979555798],[103.93343751567721,1.4170777614833372],[103.93261707836312,1.417487617949841],[103.93215326425846,1.4175017640558232],[103.93174468863589,1.4173586028802707],[103.93158159780194,1.4169965301996097],[103.93088815821763,1.4172313231771851],[103.9306570042671,1.417175642312837],[103.93038087073897,1.4174457599539996],[103.93020875592369,1.4174592512519955],[103.930141938391,1.4177094550263831],[103.92964976650308,1.4184174559657894],[103.92911365516923,1.418732006638026],[103.92902667108726,1.4189312684804343],[103.92877407846619,1.4191599733018576],[103.92865537602692,1.4189651794170772],[103.92851239094561,1.418921160967189],[103.92838120913453,1.4189949533434731],[103.92825814825748,1.419232959549063],[103.92856728253119,1.419415609929658],[103.9285584887094,1.4196513505054797],[103.92806843655718,1.41947502004246],[103.92804984274147,1.4196680199399971],[103.92826355773303,1.4199154031421546],[103.92826164360055,1.4201762874284924],[103.9281372976938,1.420326551514437],[103.92760426173918,1.420645087272371],[103.92742155742908,1.4211406701332585],[103.92748232988936,1.4218287646330703],[103.92728722885175,1.4217986763456851],[103.92698978229072,1.4221290422419177],[103.9263854461298,1.4223757869247315],[103.92660759138708,1.4229488273095514],[103.92650772692645,1.4230674114042778],[103.92662000330182,1.4232321184111136],[103.92665526461933,1.4234946082399964],[103.92640150121811,1.4236535982826646],[103.9270414297924,1.423826266581398],[103.92826791697512,1.423879321167012],[103.92839138859607,1.424011208291551],[103.92917922227176,1.424329176484379],[103.92992314214055,1.4250805710486167],[103.93030986425693,1.4256271604703816],[103.93048284446898,1.4260722080295245],[103.93239853732116,1.426651650397401],[103.93272906850862,1.426921641610749],[103.93293246819921,1.4272370481617322],[103.93334948110821,1.4275136834712696],[103.93359623811395,1.4280194102257582],[103.93371148602739,1.4281024618112168],[103.93436789094622,1.4279233962436113],[103.93494162692515,1.427615742881135],[103.93552330323251,1.4276256387019075],[103.93661030829709,1.426988419517916],[103.93830703316915,1.4265081547829659],[103.9385318255556,1.4263128193755752]]],[[[104.06444659932919,1.4354774248011148],[104.064246950273,1.4356937562930059],[104.06429968113123,1.4358719136636915],[104.0644550475351,1.4359753245806508],[104.06473593064102,1.4359276508767491],[104.06473642825564,1.435746905259783],[104.06457746957676,1.4355120492415196],[104.06444659932919,1.4354774248011148]]],[[[103.87264652780367,1.4391567353293615],[103.87261376047492,1.438683794463952],[103.87224721219712,1.4379408625138457],[103.8714249358711,1.4371978513678672],[103.86935199344903,1.4356849256178117],[103.86840373260583,1.4353789038067777],[103.86746429565163,1.4353382986172236],[103.8662565853093,1.4356385751053018],[103.8656270074654,1.4359945416650948],[103.86503524760167,1.4365376194570827],[103.86364738355834,1.4381669453603003],[103.86319155315299,1.4391082212110466],[103.8629173052287,1.4398902497378971],[103.86260590840853,1.4399131224256436],[103.86241128596618,1.4400702020412264],[103.86163550704023,1.4413572244028208],[103.86171533813081,1.4416217090652192],[103.86163555349992,1.4416994527785523],[103.86141940224063,1.441710394654147],[103.85990907189469,1.442982918536562],[103.859652775973,1.4442743346929094],[103.85965155810733,1.4444856808655762],[103.85983034667895,1.4449297375846968],[103.85973631574174,1.445885902427073],[103.85904597589055,1.4472556368965286],[103.85873406820966,1.4476548762629324],[103.85841644505622,1.4482751122676703],[103.85783901334082,1.449685032308466],[103.85747918585564,1.4507186170549615],[103.85750233581943,1.4510758666445567],[103.85763356459125,1.451385715563367],[103.85801692230228,1.4517084742207191],[103.86053461264319,1.452746319886755],[103.86089903086922,1.4527492998425389],[103.86137326165031,1.452589184546952],[103.86236561142222,1.4518307365089562],[103.86636082688022,1.447364730821454],[103.86941292739807,1.4438143255963647],[103.87228883679433,1.4401551407596467],[103.87256462933716,1.4396083279657814],[103.87264652780367,1.4391567353293615]]]]}}]}
